employee_id,first_name,last_name,full_name,email,role,department,contact_no,date_of_joining,tenure_years,gender,address,total_leaves,taken_leaves,pending_leaves,manager_id,manager_name
EMP0001,Mayur,Nikam,Mayur Nikam,mayur.nikam@dhurandharai.com,CEO,Management,9407651129,1/1/2015,10,Male,"Sambhajinagar, India",30,16,0,,
EMP0002,Kiara,Verma,Kiara Verma,kiara.verma@dhurandharai.com,Associate,Marketing,9950237295,5/24/2020,5.8,Male,"Hyderabad, India",30,4,26,EMP0001,Mayur Nikam
EMP0003,Ira,Nair,Ira Nair,ira.nair@dhurandharai.com,Associate Director,Admin,9526494962,12/9/2018,7.3,Male,"Pune, India",20,19,1,EMP0001,Mayur Nikam
EMP0004,Diya,Pillai,Diya Pillai,diya.pillai@dhurandharai.com,Associate,HR,9436476910,3/5/2020,6.1,Female,"Pune, India",20,0,20,EMP0002,Kiara Verma
EMP0005,Kiara,Bansal,Kiara Bansal,kiara.bansal@dhurandharai.com,Associate Director,Operations,9906595455,6/3/2025,0.8,Female,"Mumbai, India",20,19,1,EMP0001,Mayur Nikam
EMP0006,Riya,Kapoor,Riya Kapoor,riya.kapoor@dhurandharai.com,Sr Manager,Admin,9646592390,10/13/2021,4.5,Male,"Delhi, India",20,6,14,EMP0003,Ira Nair
EMP0007,Krishna,Patil,Krishna Patil,krishna.patil@dhurandharai.com,Associate,Operations,9537083090,12/12/2024,1.3,Male,"Mumbai, India",20,20,0,EMP0004,Diya Pillai
EMP0008,Aisha,Nair,Aisha Nair,aisha.nair@dhurandharai.com,Sr Manager,Operations,9629419311,5/18/2021,4.9,Male,"Hyderabad, India",20,11,9,EMP0001,Mayur Nikam
EMP0009,Aisha,Pillai,Aisha Pillai,aisha.pillai@dhurandharai.com,Associate Director,HR,9869250293,7/27/2022,3.7,Male,"Bangalore, India",24,18,6,EMP0007,Krishna Patil
EMP0010,Diya,Bansal,Diya Bansal,diya.bansal@dhurandharai.com,Sr. Associate,HR,9161216993,5/4/2021,4.9,Female,"Pune, India",20,13,7,EMP0007,Krishna Patil
EMP0011,Saanvi,Shetty,Saanvi Shetty,saanvi.shetty@dhurandharai.com,Sr. Associate,HR,9617600022,8/1/2019,6.7,Male,"Delhi, India",20,11,9,EMP0010,Diya Bansal
EMP0012,Ishaan,Joshi,Ishaan Joshi,ishaan.joshi@dhurandharai.com,Sr Director,Marketing,9480012919,12/9/2024,1.3,Female,"Pune, India",24,9,15,EMP0011,Saanvi Shetty
EMP0013,Dhruv,Khan,Dhruv Khan,dhruv.khan@dhurandharai.com,Sr. Associate,Marketing,9744080408,12/9/2022,3.3,Female,"Hyderabad, India",30,27,3,EMP0005,Kiara Bansal
EMP0014,Ira,Gupta,Ira Gupta,ira.gupta@dhurandharai.com,Team Lead,Marketing,9396784247,7/12/2025,0.7,Female,"Bangalore, India",20,3,17,EMP0008,Aisha Nair
EMP0015,Krishna,Jain,Krishna Jain,krishna.jain@dhurandharai.com,Associate Director,Operations,9272353100,11/16/2022,3.4,Female,"Bangalore, India",24,17,7,EMP0008,Aisha Nair
EMP0016,Myra,Kapoor,Myra Kapoor,myra.kapoor@dhurandharai.com,Associate,HR,9757916079,6/3/2019,6.8,Male,"Bangalore, India",20,12,8,EMP0003,Ira Nair
EMP0017,Vivaan,Desai,Vivaan Desai,vivaan.desai@dhurandharai.com,Manager,Operations,9757498509,6/20/2024,1.8,Male,"Pune, India",24,23,1,EMP0010,Diya Bansal
EMP0018,Reyansh,Reddy,Reyansh Reddy,reyansh.reddy@dhurandharai.com,Sr Director,Data Science & AI,9456328144,11/22/2022,3.3,Male,"Pune, India",20,6,14,EMP0016,Myra Kapoor
EMP0019,Vivaan,Kulkarni,Vivaan Kulkarni,vivaan.kulkarni@dhurandharai.com,Sr Manager,Operations,9799887202,5/27/2019,6.8,Female,"Mumbai, India",24,0,24,EMP0011,Saanvi Shetty
EMP0020,Arjun,Sharma,Arjun Sharma,arjun.sharma@dhurandharai.com,Associate Director,HR,9777102121,12/5/2022,3.3,Male,"Delhi, India",24,14,10,EMP0001,Mayur Nikam
EMP0021,Shaurya,Desai,Shaurya Desai,shaurya.desai@dhurandharai.com,Associate,Finance,9924952654,12/11/2025,0.3,Male,"Pune, India",20,1,19,EMP0019,Vivaan Kulkarni
EMP0022,Anaya,Gupta,Anaya Gupta,anaya.gupta@dhurandharai.com,Team Lead,HR,9241380257,9/19/2024,1.5,Male,"Pune, India",30,24,6,EMP0021,Shaurya Desai
EMP0023,Ishaan,Pillai,Ishaan Pillai,ishaan.pillai@dhurandharai.com,Sr Manager,Marketing,9329242615,9/28/2019,6.5,Female,"Pune, India",20,3,17,EMP0021,Shaurya Desai
EMP0024,Atharv,Reddy,Atharv Reddy,atharv.reddy@dhurandharai.com,Team Lead,Marketing,9506121340,8/12/2024,1.6,Female,"Bangalore, India",24,7,17,EMP0007,Krishna Patil
EMP0025,Riya,Desai,Riya Desai,riya.desai@dhurandharai.com,Associate,HR,9185818070,11/20/2018,7.4,Male,"Hyderabad, India",30,16,14,EMP0022,Anaya Gupta
EMP0026,Saanvi,Jain,Saanvi Jain,saanvi.jain@dhurandharai.com,Sr Director,Finance,9964733282,11/20/2022,3.3,Female,"Pune, India",20,15,5,EMP0005,Kiara Bansal
EMP0027,Ira,Jain,Ira Jain,ira.jain@dhurandharai.com,Associate,Finance,9998220473,2/26/2022,4.1,Male,"Hyderabad, India",20,9,11,EMP0010,Diya Bansal
EMP0028,Ira,Reddy,Ira Reddy,ira.reddy@dhurandharai.com,Team Lead,HR,9132198767,5/13/2020,5.9,Female,"Mumbai, India",24,23,1,EMP0024,Atharv Reddy
EMP0029,Diya,Shetty,Diya Shetty,diya.shetty@dhurandharai.com,Sr. Associate,Finance,9134318469,7/8/2018,7.7,Male,"Hyderabad, India",20,14,6,EMP0026,Saanvi Jain
EMP0030,Kiara,Joshi,Kiara Joshi,kiara.joshi@dhurandharai.com,Sr Director,Data Science & AI,9905717946,11/5/2018,7.4,Female,"Delhi, India",24,5,19,EMP0005,Kiara Bansal
EMP0031,Kiara,Chopra,Kiara Chopra,kiara.chopra@dhurandharai.com,Associate Director,Marketing,9275773103,8/18/2019,6.6,Male,"Bangalore, India",20,1,19,EMP0005,Kiara Bansal
EMP0032,Vivaan,Joshi,Vivaan Joshi,vivaan.joshi@dhurandharai.com,Team Lead,Admin,9345157584,3/19/2023,3,Male,"Pune, India",30,17,13,EMP0005,Kiara Bansal
EMP0033,Riya,Gupta,Riya Gupta,riya.gupta@dhurandharai.com,Sr. Associate,Marketing,9269284746,9/7/2020,5.6,Female,"Mumbai, India",24,16,8,EMP0020,Arjun Sharma
EMP0034,Myra,Jain,Myra Jain,myra.jain@dhurandharai.com,Sr Manager,Operations,9136003325,6/27/2018,7.8,Male,"Mumbai, India",24,14,10,EMP0002,Kiara Verma
EMP0035,Anika,Sharma,Anika Sharma,anika.sharma@dhurandharai.com,Manager,Admin,9214461350,9/21/2018,7.5,Female,"Pune, India",20,9,11,EMP0007,Krishna Patil
EMP0036,Saanvi,Desai,Saanvi Desai,saanvi.desai@dhurandharai.com,Sr. Associate,Finance,9310330051,5/16/2020,5.9,Female,"Delhi, India",24,19,5,EMP0023,Ishaan Pillai
EMP0037,Vivaan,Khan,Vivaan Khan,vivaan.khan@dhurandharai.com,Sr Manager,Admin,9834616045,1/15/2023,3.2,Male,"Mumbai, India",30,26,4,EMP0010,Diya Bansal
EMP0038,Ishaan,Gupta,Ishaan Gupta,ishaan.gupta@dhurandharai.com,Sr. Associate,Admin,9538135512,4/21/2020,5.9,Female,"Bangalore, India",24,19,5,EMP0022,Anaya Gupta
EMP0039,Dhruv,Khan,Dhruv Khan,dhruv.khan@dhurandharai.com,Sr Manager,Operations,9222497227,6/29/2020,5.7,Male,"Bangalore, India",20,14,6,EMP0032,Vivaan Joshi
EMP0040,Kiara,Chopra,Kiara Chopra,kiara.chopra@dhurandharai.com,Manager,Admin,9190004322,12/1/2019,6.3,Male,"Hyderabad, India",30,27,3,EMP0001,Mayur Nikam
EMP0041,Arjun,Chopra,Arjun Chopra,arjun.chopra@dhurandharai.com,Sr. Associate,Data Science & AI,9396944100,2/14/2020,6.1,Female,"Pune, India",24,0,24,EMP0001,Mayur Nikam
EMP0042,Reyansh,Verma,Reyansh Verma,reyansh.verma@dhurandharai.com,Team Lead,HR,9689166378,1/23/2023,3.2,Female,"Delhi, India",24,19,5,EMP0008,Aisha Nair
EMP0043,Saanvi,Jain,Saanvi Jain,saanvi.jain@dhurandharai.com,Sr Manager,Operations,9643976794,7/31/2019,6.7,Female,"Bangalore, India",24,22,2,EMP0028,Ira Reddy
EMP0044,Aisha,Mehta,Aisha Mehta,aisha.mehta@dhurandharai.com,Team Lead,Finance,9869301058,10/18/2022,3.4,Female,"Bangalore, India",30,25,5,EMP0008,Aisha Nair
EMP0045,Reyansh,Gupta,Reyansh Gupta,reyansh.gupta@dhurandharai.com,Sr Director,Operations,9686169591,1/4/2024,2.2,Male,"Bangalore, India",24,2,22,EMP0029,Diya Shetty
EMP0046,Dhruv,Malhotra,Dhruv Malhotra,dhruv.malhotra@dhurandharai.com,Sr. Associate,Operations,9153789595,4/4/2019,7,Female,"Bangalore, India",20,11,9,EMP0041,Arjun Chopra
EMP0047,Vivaan,Joshi,Vivaan Joshi,vivaan.joshi@dhurandharai.com,Associate,Admin,9796102897,12/12/2025,0.3,Female,"Delhi, India",24,8,16,EMP0017,Vivaan Desai
EMP0048,Kiara,Reddy,Kiara Reddy,kiara.reddy@dhurandharai.com,Sr Manager,Data Science & AI,9393161059,2/11/2019,7.1,Female,"Hyderabad, India",20,5,15,EMP0024,Atharv Reddy
EMP0049,Aditya,Singh,Aditya Singh,aditya.singh@dhurandharai.com,Associate Director,Marketing,9502609769,1/16/2020,6.2,Female,"Mumbai, India",30,13,17,EMP0021,Shaurya Desai
EMP0050,Aarav,Khan,Aarav Khan,aarav.khan@dhurandharai.com,Sr Manager,Finance,9594533281,10/1/2023,2.5,Female,"Bangalore, India",24,24,0,EMP0013,Dhruv Khan
EMP0051,Riya,Jain,Riya Jain,riya.jain@dhurandharai.com,Sr Manager,Marketing,9134349210,4/10/2022,4,Male,"Delhi, India",20,18,2,EMP0027,Ira Jain
EMP0052,Saanvi,Desai,Saanvi Desai,saanvi.desai@dhurandharai.com,Associate,HR,9740042482,2/1/2021,5.1,Female,"Mumbai, India",24,15,9,EMP0029,Diya Shetty
EMP0053,Reyansh,Kulkarni,Reyansh Kulkarni,reyansh.kulkarni@dhurandharai.com,Sr. Associate,Finance,9463599329,7/25/2019,6.7,Female,"Hyderabad, India",24,14,10,EMP0043,Saanvi Jain
EMP0054,Ira,Bansal,Ira Bansal,ira.bansal@dhurandharai.com,Sr Director,Finance,9368636348,7/6/2024,1.7,Male,"Mumbai, India",30,15,15,EMP0053,Reyansh Kulkarni
EMP0055,Anika,Khan,Anika Khan,anika.khan@dhurandharai.com,Sr. Associate,Operations,9151168634,1/20/2019,7.2,Female,"Delhi, India",24,0,24,EMP0008,Aisha Nair
EMP0056,Diya,Reddy,Diya Reddy,diya.reddy@dhurandharai.com,Sr Director,Marketing,9351474279,7/16/2025,0.7,Male,"Pune, India",30,7,23,EMP0038,Ishaan Gupta
EMP0057,Sara,Shetty,Sara Shetty,sara.shetty@dhurandharai.com,Associate,Marketing,9573425342,5/28/2019,6.8,Female,"Bangalore, India",24,9,15,EMP0009,Aisha Pillai
EMP0058,Saanvi,Singh,Saanvi Singh,saanvi.singh@dhurandharai.com,Sr Director,Admin,9247587830,8/13/2022,3.6,Female,"Delhi, India",20,12,8,EMP0002,Kiara Verma
EMP0059,Vivaan,Joshi,Vivaan Joshi,vivaan.joshi@dhurandharai.com,Associate Director,Data Science & AI,9551915770,2/20/2019,7.1,Male,"Bangalore, India",20,12,8,EMP0041,Arjun Chopra
EMP0060,Diya,Iyer,Diya Iyer,diya.iyer@dhurandharai.com,Team Lead,HR,9203891002,8/16/2025,0.6,Female,"Pune, India",30,4,26,EMP0048,Kiara Reddy
EMP0061,Kiara,Singh,Kiara Singh,kiara.singh@dhurandharai.com,Sr. Associate,Admin,9158227956,10/4/2019,6.5,Female,"Mumbai, India",20,7,13,EMP0003,Ira Nair
EMP0062,Ishaan,Patil,Ishaan Patil,ishaan.patil@dhurandharai.com,Associate Director,Admin,9820936427,10/26/2019,6.4,Male,"Delhi, India",30,15,15,EMP0022,Anaya Gupta
EMP0063,Anika,Verma,Anika Verma,anika.verma@dhurandharai.com,Sr Manager,Data Science & AI,9551871300,2/20/2022,4.1,Female,"Mumbai, India",30,0,30,EMP0035,Anika Sharma
EMP0064,Krishna,Patil,Krishna Patil,krishna.patil@dhurandharai.com,Sr Director,Marketing,9262798589,11/19/2021,4.4,Female,"Mumbai, India",20,0,20,EMP0001,Mayur Nikam
EMP0065,Diya,Joshi,Diya Joshi,diya.joshi@dhurandharai.com,Sr Director,Marketing,9730316166,7/19/2019,6.7,Female,"Mumbai, India",30,14,16,EMP0017,Vivaan Desai
EMP0066,Arjun,Nair,Arjun Nair,arjun.nair@dhurandharai.com,Sr Manager,Finance,9543021876,9/1/2023,2.6,Female,"Mumbai, India",24,10,14,EMP0033,Riya Gupta
EMP0067,Atharv,Kulkarni,Atharv Kulkarni,atharv.kulkarni@dhurandharai.com,Associate Director,Operations,9915606501,11/2/2020,5.4,Female,"Mumbai, India",24,22,2,EMP0016,Myra Kapoor
EMP0068,Arjun,Bansal,Arjun Bansal,arjun.bansal@dhurandharai.com,Associate,Admin,9568721978,9/8/2024,1.5,Female,"Hyderabad, India",30,22,8,EMP0020,Arjun Sharma
EMP0069,Ira,Patil,Ira Patil,ira.patil@dhurandharai.com,Sr Director,Marketing,9802058645,7/2/2021,4.7,Male,"Bangalore, India",24,7,17,EMP0049,Aditya Singh
EMP0070,Anika,Reddy,Anika Reddy,anika.reddy@dhurandharai.com,Associate Director,Marketing,9783931522,2/8/2024,2.1,Female,"Hyderabad, India",30,15,15,EMP0010,Diya Bansal
EMP0071,Sara,Kulkarni,Sara Kulkarni,sara.kulkarni@dhurandharai.com,Sr Manager,Operations,9556826901,8/27/2019,6.6,Female,"Mumbai, India",20,14,6,EMP0001,Mayur Nikam
EMP0072,Reyansh,Bansal,Reyansh Bansal,reyansh.bansal@dhurandharai.com,Manager,Finance,9839523253,1/2/2022,4.2,Female,"Hyderabad, India",30,2,28,EMP0047,Vivaan Joshi
EMP0073,Anika,Nair,Anika Nair,anika.nair@dhurandharai.com,Team Lead,Admin,9755516854,1/8/2018,8.2,Male,"Hyderabad, India",20,15,5,EMP0041,Arjun Chopra
EMP0074,Aditya,Reddy,Aditya Reddy,aditya.reddy@dhurandharai.com,Team Lead,Admin,9178965189,1/16/2024,2.2,Female,"Pune, India",30,26,4,EMP0069,Ira Patil
EMP0075,Vivaan,Kulkarni,Vivaan Kulkarni,vivaan.kulkarni@dhurandharai.com,Sr Director,HR,9114152272,4/27/2023,2.9,Male,"Mumbai, India",30,1,29,EMP0026,Saanvi Jain
EMP0076,Saanvi,Kapoor,Saanvi Kapoor,saanvi.kapoor@dhurandharai.com,Team Lead,Operations,9810787203,3/20/2024,2,Female,"Mumbai, India",20,20,0,EMP0017,Vivaan Desai
EMP0077,Reyansh,Pillai,Reyansh Pillai,reyansh.pillai@dhurandharai.com,Sr Director,Marketing,9642521101,11/4/2018,7.4,Female,"Pune, India",30,24,6,EMP0073,Anika Nair
EMP0078,Saanvi,Patil,Saanvi Patil,saanvi.patil@dhurandharai.com,Associate,Operations,9466705513,6/18/2021,4.8,Female,"Hyderabad, India",20,6,14,EMP0010,Diya Bansal
EMP0079,Saanvi,Kapoor,Saanvi Kapoor,saanvi.kapoor@dhurandharai.com,Associate,HR,9334100312,4/22/2019,6.9,Male,"Pune, India",24,0,24,EMP0010,Diya Bansal
EMP0080,Anaya,Jain,Anaya Jain,anaya.jain@dhurandharai.com,Team Lead,Operations,9883797618,3/19/2022,4,Female,"Pune, India",30,3,27,EMP0018,Reyansh Reddy
EMP0081,Anika,Reddy,Anika Reddy,anika.reddy@dhurandharai.com,Team Lead,Operations,9676289847,8/26/2018,7.6,Female,"Pune, India",24,24,0,EMP0079,Saanvi Kapoor
EMP0082,Atharv,Gupta,Atharv Gupta,atharv.gupta@dhurandharai.com,Sr Director,Admin,9594517103,5/31/2018,7.8,Male,"Bangalore, India",30,23,7,EMP0019,Vivaan Kulkarni
EMP0083,Saanvi,Jain,Saanvi Jain,saanvi.jain@dhurandharai.com,Sr. Associate,HR,9572724537,8/30/2019,6.6,Male,"Bangalore, India",24,18,6,EMP0045,Reyansh Gupta
EMP0084,Aditya,Singh,Aditya Singh,aditya.singh@dhurandharai.com,Associate Director,Finance,9789495286,8/26/2019,6.6,Male,"Hyderabad, India",24,22,2,EMP0045,Reyansh Gupta
EMP0085,Krishna,Bansal,Krishna Bansal,krishna.bansal@dhurandharai.com,Sr Director,Admin,9109980484,8/23/2021,4.6,Female,"Delhi, India",30,20,10,EMP0083,Saanvi Jain
EMP0086,Aditya,Chopra,Aditya Chopra,aditya.chopra@dhurandharai.com,Sr Director,Operations,9380174181,3/13/2021,5,Male,"Bangalore, India",20,16,4,EMP0078,Saanvi Patil
EMP0087,Myra,Jain,Myra Jain,myra.jain@dhurandharai.com,Team Lead,Marketing,9820901424,9/2/2018,7.6,Male,"Mumbai, India",20,15,5,EMP0085,Krishna Bansal
EMP0088,Kiara,Verma,Kiara Verma,kiara.verma@dhurandharai.com,Sr Director,Data Science & AI,9311553946,1/19/2019,7.2,Female,"Hyderabad, India",30,11,19,EMP0025,Riya Desai
EMP0089,Kiara,Gupta,Kiara Gupta,kiara.gupta@dhurandharai.com,Sr Manager,Marketing,9803454334,5/23/2024,1.8,Male,"Delhi, India",20,1,19,EMP0030,Kiara Joshi
EMP0090,Vivaan,Verma,Vivaan Verma,vivaan.verma@dhurandharai.com,Manager,Admin,9405034103,7/11/2025,0.7,Female,"Bangalore, India",20,15,5,EMP0021,Shaurya Desai
EMP0091,Aarav,Jain,Aarav Jain,aarav.jain@dhurandharai.com,Associate Director,Marketing,9659646357,9/10/2025,0.5,Male,"Mumbai, India",30,6,24,EMP0090,Vivaan Verma
EMP0092,Diya,Reddy,Diya Reddy,diya.reddy@dhurandharai.com,Associate,Finance,9704821599,4/22/2022,3.9,Female,"Hyderabad, India",30,24,6,EMP0006,Riya Kapoor
EMP0093,Anika,Iyer,Anika Iyer,anika.iyer@dhurandharai.com,Manager,Operations,9633871831,2/6/2024,2.1,Male,"Pune, India",20,3,17,EMP0033,Riya Gupta
EMP0094,Reyansh,Sharma,Reyansh Sharma,reyansh.sharma@dhurandharai.com,Sr. Associate,Admin,9976158879,8/12/2020,5.6,Female,"Mumbai, India",20,2,18,EMP0008,Aisha Nair
EMP0095,Vivaan,Shetty,Vivaan Shetty,vivaan.shetty@dhurandharai.com,Sr. Associate,HR,9622352904,12/2/2023,2.3,Male,"Bangalore, India",24,13,11,EMP0009,Aisha Pillai
EMP0096,Dhruv,Mehta,Dhruv Mehta,dhruv.mehta@dhurandharai.com,Team Lead,Finance,9760159581,10/14/2019,6.5,Male,"Pune, India",30,24,6,EMP0024,Atharv Reddy
EMP0097,Saanvi,Patil,Saanvi Patil,saanvi.patil@dhurandharai.com,Sr Manager,Marketing,9778298883,6/19/2025,0.8,Male,"Bangalore, India",24,24,0,EMP0021,Shaurya Desai
EMP0098,Sara,Patil,Sara Patil,sara.patil@dhurandharai.com,Associate Director,Admin,9335608766,12/2/2018,7.3,Male,"Pune, India",24,19,5,EMP0083,Saanvi Jain
EMP0099,Saanvi,Singh,Saanvi Singh,saanvi.singh@dhurandharai.com,Team Lead,Data Science & AI,9126176700,1/11/2018,8.2,Female,"Pune, India",24,2,22,EMP0089,Kiara Gupta
EMP0100,Aarav,Nair,Aarav Nair,aarav.nair@dhurandharai.com,Team Lead,Finance,9863179533,1/23/2025,1.2,Female,"Mumbai, India",24,20,4,EMP0035,Anika Sharma
EMP0101,Shaurya,Desai,Shaurya Desai,shaurya.desai@dhurandharai.com,Sr Manager,Admin,9937886672,3/15/2019,7,Female,"Mumbai, India",20,13,7,EMP0021,Shaurya Desai
EMP0102,Riya,Kulkarni,Riya Kulkarni,riya.kulkarni@dhurandharai.com,Associate Director,Data Science & AI,9514975645,4/17/2022,3.9,Male,"Mumbai, India",24,0,24,EMP0072,Reyansh Bansal
EMP0103,Ishaan,Kapoor,Ishaan Kapoor,ishaan.kapoor@dhurandharai.com,Sr Director,Admin,9241935228,11/19/2021,4.4,Male,"Bangalore, India",20,16,4,EMP0045,Reyansh Gupta
EMP0104,Ira,Pillai,Ira Pillai,ira.pillai@dhurandharai.com,Team Lead,Marketing,9735813909,6/5/2025,0.8,Male,"Pune, India",20,10,10,EMP0021,Shaurya Desai
EMP0105,Aditya,Joshi,Aditya Joshi,aditya.joshi@dhurandharai.com,Sr Manager,Operations,9508964466,1/27/2018,8.2,Male,"Bangalore, India",30,13,17,EMP0091,Aarav Jain
EMP0106,Ishaan,Chopra,Ishaan Chopra,ishaan.chopra@dhurandharai.com,Sr. Associate,Operations,9809456382,5/23/2019,6.8,Female,"Bangalore, India",20,2,18,EMP0072,Reyansh Bansal
EMP0107,Riya,Shetty,Riya Shetty,riya.shetty@dhurandharai.com,Associate Director,Admin,9477023387,6/28/2024,1.7,Female,"Hyderabad, India",30,23,7,EMP0040,Kiara Chopra
EMP0108,Reyansh,Desai,Reyansh Desai,reyansh.desai@dhurandharai.com,Sr Director,Marketing,9187199971,1/23/2018,8.2,Male,"Mumbai, India",24,20,4,EMP0056,Diya Reddy
EMP0109,Reyansh,Khan,Reyansh Khan,reyansh.khan@dhurandharai.com,Manager,Marketing,9365938123,1/9/2018,8.2,Male,"Delhi, India",30,30,0,EMP0023,Ishaan Pillai
EMP0110,Shaurya,Khan,Shaurya Khan,shaurya.khan@dhurandharai.com,Manager,Marketing,9988891083,8/22/2023,2.6,Male,"Mumbai, India",20,14,6,EMP0107,Riya Shetty
EMP0111,Riya,Iyer,Riya Iyer,riya.iyer@dhurandharai.com,Sr. Associate,Data Science & AI,9294898015,6/8/2023,2.8,Male,"Delhi, India",30,0,30,EMP0060,Diya Iyer
EMP0112,Arjun,Malhotra,Arjun Malhotra,arjun.malhotra@dhurandharai.com,Manager,HR,9430723005,9/27/2021,4.5,Female,"Hyderabad, India",24,9,15,EMP0075,Vivaan Kulkarni
EMP0113,Aditya,Mehta,Aditya Mehta,aditya.mehta@dhurandharai.com,Associate,HR,9878838859,3/21/2025,1,Male,"Hyderabad, India",24,2,22,EMP0009,Aisha Pillai
EMP0114,Aditya,Kapoor,Aditya Kapoor,aditya.kapoor@dhurandharai.com,Sr Manager,Data Science & AI,9954698193,1/29/2019,7.2,Female,"Hyderabad, India",30,21,9,EMP0046,Dhruv Malhotra
EMP0115,Vivaan,Pillai,Vivaan Pillai,vivaan.pillai@dhurandharai.com,Sr Manager,Finance,9378834119,2/22/2025,1.1,Female,"Delhi, India",20,1,19,EMP0059,Vivaan Joshi
EMP0116,Dhruv,Gupta,Dhruv Gupta,dhruv.gupta@dhurandharai.com,Associate,Operations,9894412799,6/22/2024,1.8,Female,"Bangalore, India",30,30,0,EMP0094,Reyansh Sharma
EMP0117,Atharv,Bansal,Atharv Bansal,atharv.bansal@dhurandharai.com,Sr. Associate,HR,9833626987,12/17/2019,6.3,Male,"Bangalore, India",20,10,10,EMP0084,Aditya Singh
EMP0118,Shaurya,Singh,Shaurya Singh,shaurya.singh@dhurandharai.com,Associate Director,Data Science & AI,9168510678,3/7/2020,6.1,Female,"Mumbai, India",24,9,15,EMP0042,Reyansh Verma
EMP0119,Vivaan,Verma,Vivaan Verma,vivaan.verma@dhurandharai.com,Associate Director,Operations,9835183439,2/22/2024,2.1,Male,"Hyderabad, India",20,14,6,EMP0008,Aisha Nair
EMP0120,Krishna,Mehta,Krishna Mehta,krishna.mehta@dhurandharai.com,Associate Director,Marketing,9626518254,7/28/2020,5.7,Male,"Bangalore, India",30,14,16,EMP0034,Myra Jain
EMP0121,Anaya,Iyer,Anaya Iyer,anaya.iyer@dhurandharai.com,Associate,Finance,9453760845,8/2/2021,4.6,Female,"Hyderabad, India",20,13,7,EMP0064,Krishna Patil
EMP0122,Riya,Reddy,Riya Reddy,riya.reddy@dhurandharai.com,Sr. Associate,Marketing,9308343908,12/10/2021,4.3,Female,"Bangalore, India",20,2,18,EMP0113,Aditya Mehta
EMP0123,Aditya,Jain,Aditya Jain,aditya.jain@dhurandharai.com,Sr Manager,Admin,9465105797,2/27/2019,7.1,Female,"Hyderabad, India",24,23,1,EMP0052,Saanvi Desai
EMP0124,Sara,Shetty,Sara Shetty,sara.shetty@dhurandharai.com,Manager,Finance,9575755938,3/25/2022,4,Female,"Mumbai, India",24,7,17,EMP0052,Saanvi Desai
EMP0125,Aarav,Reddy,Aarav Reddy,aarav.reddy@dhurandharai.com,Sr Director,Admin,9451552513,4/16/2020,5.9,Male,"Pune, India",30,21,9,EMP0059,Vivaan Joshi
EMP0126,Reyansh,Singh,Reyansh Singh,reyansh.singh@dhurandharai.com,Sr. Associate,Marketing,9421976513,4/15/2025,0.9,Male,"Delhi, India",30,20,10,EMP0008,Aisha Nair
EMP0127,Atharv,Joshi,Atharv Joshi,atharv.joshi@dhurandharai.com,Associate Director,Data Science & AI,9101568295,4/13/2018,8,Female,"Hyderabad, India",30,30,0,EMP0083,Saanvi Jain
EMP0128,Kiara,Desai,Kiara Desai,kiara.desai@dhurandharai.com,Manager,HR,9605879145,7/1/2019,6.7,Male,"Pune, India",20,6,14,EMP0029,Diya Shetty
EMP0129,Saanvi,Bansal,Saanvi Bansal,saanvi.bansal@dhurandharai.com,Associate,Finance,9612058486,3/29/2018,8,Female,"Mumbai, India",20,15,5,EMP0123,Aditya Jain
EMP0130,Myra,Iyer,Myra Iyer,myra.iyer@dhurandharai.com,Associate Director,Marketing,9976634472,11/30/2020,5.3,Female,"Delhi, India",20,13,7,EMP0058,Saanvi Singh
EMP0131,Atharv,Jain,Atharv Jain,atharv.jain@dhurandharai.com,Associate,HR,9490992437,3/22/2021,5,Male,"Hyderabad, India",20,5,15,EMP0049,Aditya Singh
EMP0132,Arjun,Shetty,Arjun Shetty,arjun.shetty@dhurandharai.com,Manager,Operations,9848370587,7/9/2020,5.7,Female,"Delhi, India",20,19,1,EMP0086,Aditya Chopra
EMP0133,Aisha,Mehta,Aisha Mehta,aisha.mehta@dhurandharai.com,Sr Director,Operations,9815339790,8/30/2018,7.6,Male,"Delhi, India",30,14,16,EMP0097,Saanvi Patil
EMP0134,Anika,Iyer,Anika Iyer,anika.iyer@dhurandharai.com,Team Lead,HR,9390218383,10/12/2019,6.5,Female,"Bangalore, India",30,1,29,EMP0005,Kiara Bansal
EMP0135,Vivaan,Verma,Vivaan Verma,vivaan.verma@dhurandharai.com,Sr. Associate,Marketing,9819086355,5/8/2024,1.9,Female,"Hyderabad, India",24,11,13,EMP0095,Vivaan Shetty
EMP0136,Atharv,Kapoor,Atharv Kapoor,atharv.kapoor@dhurandharai.com,Sr Director,Finance,9399994799,7/25/2020,5.7,Female,"Pune, India",30,2,28,EMP0124,Sara Shetty
EMP0137,Diya,Pillai,Diya Pillai,diya.pillai@dhurandharai.com,Associate Director,HR,9663525441,8/18/2023,2.6,Female,"Hyderabad, India",24,17,7,EMP0056,Diya Reddy
EMP0138,Anika,Bansal,Anika Bansal,anika.bansal@dhurandharai.com,Sr Manager,HR,9832336860,8/1/2025,0.6,Male,"Bangalore, India",30,18,12,EMP0070,Anika Reddy
EMP0139,Aisha,Khan,Aisha Khan,aisha.khan@dhurandharai.com,Manager,HR,9965738392,7/16/2021,4.7,Female,"Pune, India",24,14,10,EMP0061,Kiara Singh
EMP0140,Arjun,Patil,Arjun Patil,arjun.patil@dhurandharai.com,Manager,Admin,9234419303,2/18/2019,7.1,Male,"Hyderabad, India",24,8,16,EMP0036,Saanvi Desai
EMP0141,Myra,Bansal,Myra Bansal,myra.bansal@dhurandharai.com,Associate Director,HR,9566965339,11/10/2025,0.4,Female,"Delhi, India",30,10,20,EMP0088,Kiara Verma
EMP0142,Reyansh,Joshi,Reyansh Joshi,reyansh.joshi@dhurandharai.com,Team Lead,Operations,9886258882,11/12/2024,1.4,Female,"Hyderabad, India",30,18,12,EMP0087,Myra Jain
EMP0143,Krishna,Pillai,Krishna Pillai,krishna.pillai@dhurandharai.com,Manager,Data Science & AI,9228017311,7/26/2024,1.7,Male,"Bangalore, India",30,13,17,EMP0053,Reyansh Kulkarni
EMP0144,Reyansh,Pillai,Reyansh Pillai,reyansh.pillai@dhurandharai.com,Associate Director,Admin,9959078978,1/14/2018,8.2,Male,"Hyderabad, India",20,6,14,EMP0121,Anaya Iyer
EMP0145,Shaurya,Patil,Shaurya Patil,shaurya.patil@dhurandharai.com,Manager,Data Science & AI,9760157193,1/18/2025,1.2,Male,"Hyderabad, India",24,16,8,EMP0140,Arjun Patil
EMP0146,Riya,Gupta,Riya Gupta,riya.gupta@dhurandharai.com,Manager,Data Science & AI,9146122391,3/27/2021,5,Female,"Pune, India",24,1,23,EMP0048,Kiara Reddy
EMP0147,Arjun,Reddy,Arjun Reddy,arjun.reddy@dhurandharai.com,Sr. Associate,HR,9863331015,1/18/2025,1.2,Male,"Bangalore, India",30,12,18,EMP0037,Vivaan Khan
EMP0148,Kiara,Reddy,Kiara Reddy,kiara.reddy@dhurandharai.com,Associate,Operations,9801683228,12/25/2018,7.3,Female,"Hyderabad, India",24,5,19,EMP0054,Ira Bansal
EMP0149,Anaya,Iyer,Anaya Iyer,anaya.iyer@dhurandharai.com,Associate Director,Finance,9622459887,12/17/2023,2.3,Female,"Hyderabad, India",30,28,2,EMP0131,Atharv Jain
EMP0150,Reyansh,Kapoor,Reyansh Kapoor,reyansh.kapoor@dhurandharai.com,Sr. Associate,HR,9457994732,4/8/2019,7,Female,"Hyderabad, India",24,0,24,EMP0105,Aditya Joshi
EMP0151,Vivaan,Iyer,Vivaan Iyer,vivaan.iyer@dhurandharai.com,Sr. Associate,Admin,9964508323,12/6/2018,7.3,Female,"Mumbai, India",30,5,25,EMP0055,Anika Khan
EMP0152,Kiara,Desai,Kiara Desai,kiara.desai@dhurandharai.com,Sr Manager,Operations,9874733701,4/26/2023,2.9,Male,"Hyderabad, India",24,7,17,EMP0121,Anaya Iyer
EMP0153,Saanvi,Chopra,Saanvi Chopra,saanvi.chopra@dhurandharai.com,Manager,Finance,9750575965,6/6/2024,1.8,Male,"Pune, India",30,13,17,EMP0098,Sara Patil
EMP0154,Kiara,Singh,Kiara Singh,kiara.singh@dhurandharai.com,Associate Director,Operations,9592733164,8/9/2019,6.6,Female,"Pune, India",30,22,8,EMP0153,Saanvi Chopra
EMP0155,Anaya,Reddy,Anaya Reddy,anaya.reddy@dhurandharai.com,Manager,Finance,9147904790,10/19/2025,0.4,Male,"Pune, India",30,16,14,EMP0025,Riya Desai
EMP0156,Vivaan,Malhotra,Vivaan Malhotra,vivaan.malhotra@dhurandharai.com,Sr. Associate,HR,9536063914,9/11/2025,0.5,Female,"Mumbai, India",30,14,16,EMP0110,Shaurya Khan
EMP0157,Sara,Chopra,Sara Chopra,sara.chopra@dhurandharai.com,Sr. Associate,Finance,9184653104,8/8/2019,6.6,Female,"Mumbai, India",20,14,6,EMP0026,Saanvi Jain
EMP0158,Riya,Khan,Riya Khan,riya.khan@dhurandharai.com,Sr Manager,Finance,9712666102,9/21/2021,4.5,Female,"Mumbai, India",30,26,4,EMP0064,Krishna Patil
EMP0159,Krishna,Joshi,Krishna Joshi,krishna.joshi@dhurandharai.com,Team Lead,Finance,9865775884,9/4/2018,7.6,Male,"Hyderabad, India",20,16,4,EMP0101,Shaurya Desai
EMP0160,Myra,Kulkarni,Myra Kulkarni,myra.kulkarni@dhurandharai.com,Associate Director,Marketing,9900090842,12/29/2020,5.2,Female,"Delhi, India",30,0,30,EMP0140,Arjun Patil
EMP0161,Aditya,Gupta,Aditya Gupta,aditya.gupta@dhurandharai.com,Sr Director,Marketing,9880397611,2/13/2022,4.1,Male,"Hyderabad, India",24,2,22,EMP0079,Saanvi Kapoor
EMP0162,Aditya,Gupta,Aditya Gupta,aditya.gupta@dhurandharai.com,Associate Director,Operations,9579077110,3/13/2023,3,Male,"Mumbai, India",20,4,16,EMP0078,Saanvi Patil
EMP0163,Diya,Kulkarni,Diya Kulkarni,diya.kulkarni@dhurandharai.com,Sr Director,HR,9730269068,6/3/2024,1.8,Female,"Mumbai, India",20,17,3,EMP0143,Krishna Pillai
EMP0164,Shaurya,Kapoor,Shaurya Kapoor,shaurya.kapoor@dhurandharai.com,Associate Director,Marketing,9490044202,9/28/2023,2.5,Female,"Bangalore, India",20,13,7,EMP0091,Aarav Jain
EMP0165,Anaya,Kapoor,Anaya Kapoor,anaya.kapoor@dhurandharai.com,Associate Director,HR,9161344906,12/6/2023,2.3,Male,"Bangalore, India",24,14,10,EMP0108,Reyansh Desai
EMP0166,Riya,Nair,Riya Nair,riya.nair@dhurandharai.com,Associate,Marketing,9785168692,9/24/2020,5.5,Female,"Pune, India",30,6,24,EMP0071,Sara Kulkarni
EMP0167,Anika,Shetty,Anika Shetty,anika.shetty@dhurandharai.com,Team Lead,Marketing,9207156677,3/21/2025,1,Female,"Bangalore, India",24,5,19,EMP0155,Anaya Reddy
EMP0168,Arjun,Iyer,Arjun Iyer,arjun.iyer@dhurandharai.com,Sr Director,Finance,9965708498,4/23/2023,2.9,Female,"Bangalore, India",30,10,20,EMP0156,Vivaan Malhotra
EMP0169,Aisha,Khan,Aisha Khan,aisha.khan@dhurandharai.com,Sr. Associate,Admin,9874826326,5/24/2022,3.8,Male,"Bangalore, India",30,12,18,EMP0165,Anaya Kapoor
EMP0170,Shaurya,Singh,Shaurya Singh,shaurya.singh@dhurandharai.com,Manager,HR,9828363606,11/21/2024,1.3,Female,"Bangalore, India",20,3,17,EMP0043,Saanvi Jain
EMP0171,Aarav,Verma,Aarav Verma,aarav.verma@dhurandharai.com,Sr Director,Marketing,9921160009,1/29/2019,7.2,Female,"Bangalore, India",30,12,18,EMP0072,Reyansh Bansal
EMP0172,Anika,Pillai,Anika Pillai,anika.pillai@dhurandharai.com,Associate Director,Data Science & AI,9523360311,7/15/2024,1.7,Female,"Pune, India",30,3,27,EMP0051,Riya Jain
EMP0173,Arjun,Bansal,Arjun Bansal,arjun.bansal@dhurandharai.com,Sr Director,HR,9586019626,4/23/2023,2.9,Female,"Pune, India",24,2,22,EMP0048,Kiara Reddy
EMP0174,Saanvi,Kapoor,Saanvi Kapoor,saanvi.kapoor@dhurandharai.com,Manager,Finance,9952759276,6/28/2018,7.7,Female,"Bangalore, India",24,15,9,EMP0145,Shaurya Patil
EMP0175,Saanvi,Mehta,Saanvi Mehta,saanvi.mehta@dhurandharai.com,Sr Director,Operations,9505266596,7/29/2023,2.7,Female,"Bangalore, India",24,24,0,EMP0113,Aditya Mehta
EMP0176,Vivaan,Kapoor,Vivaan Kapoor,vivaan.kapoor@dhurandharai.com,Associate Director,Operations,9253311437,8/11/2025,0.6,Female,"Delhi, India",20,6,14,EMP0072,Reyansh Bansal
EMP0177,Ishaan,Desai,Ishaan Desai,ishaan.desai@dhurandharai.com,Sr. Associate,Marketing,9715090659,4/6/2020,6,Female,"Mumbai, India",20,5,15,EMP0029,Diya Shetty
EMP0178,Arjun,Bansal,Arjun Pansal,arjun.pansal@dhurandharai.com,Sr Manager,HR,9854735199,10/10/2024,1.5,Female,"Hyderabad, India",30,25,5,EMP0118,Shaurya Singh
EMP0179,Vivaan,Jain,Vivaan Jain,vivaan.jain@dhurandharai.com,Team Lead,HR,9838218427,9/8/2024,1.5,Male,"Hyderabad, India",20,20,0,EMP0096,Dhruv Mehta
EMP0180,Arjun,Kapoor,Arjun Kapoor,arjun.kapoor@dhurandharai.com,Sr. Associate,Data Science & AI,9856176710,9/12/2019,6.5,Male,"Pune, India",24,3,21,EMP0131,Atharv Jain
EMP0181,Sara,Pillai,Sara Pillai,sara.pillai@dhurandharai.com,Sr. Associate,Operations,9985984113,5/25/2022,3.8,Male,"Pune, India",20,20,0,EMP0040,Kiara Chopra
EMP0182,Anika,Gupta,Anika Gupta,anika.gupta@dhurandharai.com,Sr Manager,HR,9385489823,5/13/2018,7.9,Female,"Pune, India",20,15,5,EMP0105,Aditya Joshi
EMP0183,Krishna,Reddy,Krishna Reddy,krishna.reddy@dhurandharai.com,Team Lead,Operations,9924622405,2/3/2018,8.1,Male,"Delhi, India",24,17,7,EMP0068,Arjun Bansal
EMP0184,Aditya,Patil,Aditya Patil,aditya.patil@dhurandharai.com,Associate Director,Marketing,9592903312,10/24/2022,3.4,Female,"Mumbai, India",20,0,20,EMP0048,Kiara Reddy
EMP0185,Sara,Chopra,Sara Chopra,sara.chopra@dhurandharai.com,Associate,Finance,9792615755,4/7/2022,4,Female,"Pune, India",20,4,16,EMP0169,Aisha Khan
EMP0186,Saanvi,Sharma,Saanvi Sharma,saanvi.sharma@dhurandharai.com,Associate Director,Data Science & AI,9315596072,4/3/2023,3,Female,"Hyderabad, India",30,18,12,EMP0169,Aisha Khan
EMP0187,Kiara,Malhotra,Kiara Malhotra,kiara.malhotra@dhurandharai.com,Sr Director,Admin,9414171752,11/25/2019,6.3,Female,"Pune, India",20,9,11,EMP0041,Arjun Chopra
EMP0188,Shaurya,Singh,Shaurya Singh,shaurya.singh@dhurandharai.com,Manager,Finance,9412519002,12/12/2018,7.3,Male,"Pune, India",20,5,15,EMP0153,Saanvi Chopra
EMP0189,Ira,Nair,Ira Nair,ira.nair@dhurandharai.com,Associate Director,Finance,9645801409,6/3/2019,6.8,Male,"Pune, India",24,9,15,EMP0124,Sara Shetty
EMP0190,Kiara,Patil,Kiara Patil,kiara.patil@dhurandharai.com,Sr. Associate,Data Science & AI,9801890883,12/11/2024,1.3,Female,"Hyderabad, India",20,11,9,EMP0152,Kiara Desai
EMP0191,Myra,Nair,Myra Nair,myra.nair@dhurandharai.com,Team Lead,Data Science & AI,9637125339,7/27/2022,3.7,Male,"Delhi, India",24,6,18,EMP0163,Diya Kulkarni
EMP0192,Anika,Iyer,Anika Iyer,anika.iyer@dhurandharai.com,Associate Director,Finance,9806873062,4/11/2021,5,Female,"Delhi, India",20,19,1,EMP0020,Arjun Sharma
EMP0193,Myra,Kapoor,Myra Kapoor,myra.kapoor@dhurandharai.com,Sr. Associate,HR,9676776904,12/29/2020,5.2,Male,"Hyderabad, India",20,12,8,EMP0169,Aisha Khan
EMP0194,Atharv,Khan,Atharv Khan,atharv.khan@dhurandharai.com,Associate Director,Finance,9706463316,2/3/2018,8.1,Female,"Bangalore, India",30,22,8,EMP0151,Vivaan Iyer
EMP0195,Aditya,Mehta,Aditya Mehta,aditya.mehta@dhurandharai.com,Sr Manager,Finance,9789586174,10/17/2020,5.4,Male,"Mumbai, India",30,9,21,EMP0075,Vivaan Kulkarni
EMP0196,Aarav,Patil,Aarav Patil,aarav.patil@dhurandharai.com,Team Lead,Operations,9268228495,3/23/2019,7,Male,"Hyderabad, India",20,7,13,EMP0183,Krishna Reddy
EMP0197,Krishna,Joshi,Krishna Joshi,krishna.joshi@dhurandharai.com,Manager,Operations,9441654497,5/23/2024,1.8,Female,"Bangalore, India",20,2,18,EMP0080,Anaya Jain
EMP0198,Reyansh,Khan,Reyansh Khan,reyansh.khan@dhurandharai.com,Sr. Associate,Operations,9540517510,1/2/2025,1.2,Female,"Hyderabad, India",30,26,4,EMP0132,Arjun Shetty
EMP0199,Ishaan,Mehta,Ishaan Mehta,ishaan.mehta@dhurandharai.com,Sr Manager,Data Science & AI,9137469928,7/29/2025,0.7,Female,"Delhi, India",24,9,15,EMP0154,Kiara Singh
EMP0200,Riya,Shetty,Riya Shetty,riya.shetty@dhurandharai.com,Associate Director,Finance,9740907601,9/11/2020,5.5,Male,"Pune, India",20,5,15,EMP0122,Riya Reddy
EMP0201,Sara,Mehta,Sara Mehta,sara.mehta@dhurandharai.com,Team Lead,Marketing,9725462303,1/7/2019,7.2,Male,"Bangalore, India",20,7,13,EMP0129,Saanvi Bansal
EMP0202,Aarav,Patil,Aarav Patil,aarav.patil@dhurandharai.com,Associate,Finance,9352940849,3/27/2019,7,Female,"Hyderabad, India",30,19,11,EMP0179,Vivaan Jain
EMP0203,Ishaan,Iyer,Ishaan Iyer,ishaan.iyer@dhurandharai.com,Sr. Associate,Operations,9236561774,6/25/2025,0.8,Female,"Hyderabad, India",20,20,0,EMP0100,Aarav Nair
EMP0204,Vivaan,Mehta,Vivaan Mehta,vivaan.mehta@dhurandharai.com,Sr. Associate,HR,9259015935,11/5/2020,5.4,Female,"Hyderabad, India",24,18,6,EMP0126,Reyansh Singh
EMP0205,Shaurya,Verma,Shaurya Verma,shaurya.verma@dhurandharai.com,Associate,Admin,9842623137,2/5/2019,7.1,Male,"Mumbai, India",20,4,16,EMP0168,Arjun Iyer
EMP0206,Shaurya,Singh,Shaurya Singh,shaurya.singh@dhurandharai.com,Sr Director,Admin,9963622690,7/5/2021,4.7,Male,"Mumbai, India",30,6,24,EMP0178,Arjun Bansal
EMP0207,Atharv,Chopra,Atharv Chopra,atharv.chopra@dhurandharai.com,Sr. Associate,Operations,9160464671,1/21/2023,3.2,Female,"Mumbai, India",24,23,1,EMP0191,Myra Nair
EMP0208,Riya,Shetty,Riya Shetty,riya.shetty@dhurandharai.com,Associate,Operations,9276678121,3/28/2024,2,Male,"Pune, India",20,14,6,EMP0068,Arjun Bansal
EMP0209,Anika,Nair,Anika Nair,anika.nair@dhurandharai.com,Team Lead,Operations,9740391480,3/9/2023,3,Female,"Hyderabad, India",30,25,5,EMP0092,Diya Reddy
EMP0210,Reyansh,Khan,Reyansh Khan,reyansh.khan@dhurandharai.com,Sr Director,HR,9844380997,6/7/2018,7.8,Male,"Hyderabad, India",20,6,14,EMP0017,Vivaan Desai
EMP0211,Ishaan,Iyer,Ishaan Iyer,ishaan.iyer@dhurandharai.com,Team Lead,Admin,9760554816,4/29/2024,1.9,Female,"Bangalore, India",30,25,5,EMP0125,Aarav Reddy
EMP0212,Dhruv,Jain,Dhruv Jain,dhruv.jain@dhurandharai.com,Associate,Marketing,9451035928,3/16/2023,3,Male,"Pune, India",20,7,13,EMP0057,Sara Shetty
EMP0213,Shaurya,Bansal,Shaurya Bansal,shaurya.bansal@dhurandharai.com,Sr. Associate,Data Science & AI,9481052038,2/21/2025,1.1,Female,"Mumbai, India",24,14,10,EMP0183,Krishna Reddy
EMP0214,Saanvi,Pillai,Saanvi Pillai,saanvi.pillai@dhurandharai.com,Manager,HR,9322773401,8/17/2021,4.6,Male,"Delhi, India",20,13,7,EMP0163,Diya Kulkarni
EMP0215,Sara,Bansal,Sara Bansal,sara.bansal@dhurandharai.com,Sr Director,Admin,9956356962,1/21/2022,4.2,Male,"Hyderabad, India",20,18,2,EMP0119,Vivaan Verma
EMP0216,Arjun,Pillai,Arjun Pillai,arjun.pillai@dhurandharai.com,Team Lead,Marketing,9293003937,4/19/2023,2.9,Female,"Bangalore, India",20,9,11,EMP0090,Vivaan Verma
EMP0217,Anika,Mehta,Anika Mehta,anika.mehta@dhurandharai.com,Sr Manager,HR,9145152471,9/30/2023,2.5,Female,"Mumbai, India",24,12,12,EMP0115,Vivaan Pillai
EMP0218,Aditya,Pillai,Aditya Pillai,aditya.pillai@dhurandharai.com,Associate Director,HR,9222547012,11/9/2022,3.4,Female,"Hyderabad, India",24,12,12,EMP0138,Anika Bansal
EMP0219,Myra,Patil,Myra Patil,myra.patil@dhurandharai.com,Manager,Data Science & AI,9411523289,6/16/2023,2.8,Male,"Mumbai, India",20,6,14,EMP0088,Kiara Verma
EMP0220,Ishaan,Shetty,Ishaan Shetty,ishaan.shetty@dhurandharai.com,Manager,HR,9456825673,12/23/2019,6.3,Female,"Pune, India",20,4,16,EMP0021,Shaurya Desai
EMP0221,Aarav,Patil,Aarav Patil,aarav.patil@dhurandharai.com,Manager,Marketing,9652575891,2/5/2024,2.1,Male,"Hyderabad, India",24,1,23,EMP0028,Ira Reddy
EMP0222,Arjun,Gupta,Arjun Gupta,arjun.gupta@dhurandharai.com,Sr Manager,Marketing,9883371225,3/23/2025,1,Female,"Mumbai, India",24,7,17,EMP0164,Shaurya Kapoor
EMP0223,Reyansh,Joshi,Reyansh Joshi,reyansh.joshi@dhurandharai.com,Team Lead,Admin,9850916121,1/2/2022,4.2,Female,"Hyderabad, India",20,17,3,EMP0206,Shaurya Singh
EMP0224,Aisha,Nair,Aisha Nair,aisha.nair@dhurandharai.com,Associate,Marketing,9886320497,5/23/2019,6.8,Male,"Bangalore, India",24,6,18,EMP0129,Saanvi Bansal
EMP0225,Ishaan,Sharma,Ishaan Sharma,ishaan.sharma@dhurandharai.com,Sr Manager,Finance,9626177846,10/11/2020,5.5,Male,"Mumbai, India",24,14,10,EMP0044,Aisha Mehta
EMP0226,Ira,Sharma,Ira Sharma,ira.sharma@dhurandharai.com,Manager,Finance,9524175238,3/5/2021,5.1,Male,"Delhi, India",20,14,6,EMP0069,Ira Patil
EMP0227,Aarav,Iyer,Aarav Iyer,aarav.iyer@dhurandharai.com,Manager,Operations,9206812388,7/10/2023,2.7,Female,"Delhi, India",30,24,6,EMP0071,Sara Kulkarni
EMP0228,Ishaan,Bansal,Ishaan Bansal,ishaan.bansal@dhurandharai.com,Associate Director,HR,9329362912,1/20/2022,4.2,Female,"Bangalore, India",20,20,0,EMP0005,Kiara Bansal
EMP0229,Atharv,Singh,Atharv Singh,atharv.singh@dhurandharai.com,Sr Director,Finance,9650869162,4/24/2022,3.9,Female,"Bangalore, India",30,21,9,EMP0071,Sara Kulkarni
EMP0230,Reyansh,Verma,Reyansh Verma,reyansh.verma@dhurandharai.com,Sr Director,Operations,9581249579,6/28/2018,7.7,Male,"Mumbai, India",20,14,6,EMP0122,Riya Reddy
EMP0231,Aditya,Mehta,Aditya Mehta,aditya.mehta@dhurandharai.com,Sr Director,Operations,9519922918,6/9/2020,5.8,Female,"Hyderabad, India",24,0,24,EMP0037,Vivaan Khan
EMP0232,Reyansh,Pillai,Reyansh Pillai,reyansh.pillai@dhurandharai.com,Associate Director,HR,9874281530,1/7/2021,5.2,Female,"Mumbai, India",30,15,15,EMP0127,Atharv Joshi
EMP0233,Arjun,Malhotra,Arjun Malhotra,arjun.malhotra@dhurandharai.com,Sr Manager,Data Science & AI,9861405270,12/5/2022,3.3,Female,"Hyderabad, India",20,9,11,EMP0206,Shaurya Singh
EMP0234,Sara,Kulkarni,Sara Kulkarni,sara.kulkarni@dhurandharai.com,Associate,Finance,9102566491,2/26/2018,8.1,Male,"Pune, India",20,1,19,EMP0183,Krishna Reddy
EMP0235,Diya,Jain,Diya Jain,diya.jain@dhurandharai.com,Sr. Associate,Marketing,9621082547,9/26/2019,6.5,Male,"Bangalore, India",30,8,22,EMP0065,Diya Joshi
EMP0236,Sara,Malhotra,Sara Malhotra,sara.malhotra@dhurandharai.com,Sr Director,HR,9525311858,12/17/2023,2.3,Male,"Hyderabad, India",24,21,3,EMP0004,Diya Pillai
EMP0237,Ira,Iyer,Ira Iyer,ira.iyer@dhurandharai.com,Sr Director,Admin,9664874650,12/20/2022,3.3,Male,"Pune, India",20,14,6,EMP0150,Reyansh Kapoor
EMP0238,Kiara,Pillai,Kiara Pillai,kiara.pillai@dhurandharai.com,Sr. Associate,Operations,9461356706,10/31/2018,7.4,Female,"Delhi, India",24,22,2,EMP0009,Aisha Pillai
EMP0239,Myra,Verma,Myra Verma,myra.verma@dhurandharai.com,Manager,Operations,9798075154,9/5/2022,3.6,Male,"Pune, India",24,13,11,EMP0102,Riya Kulkarni
EMP0240,Krishna,Verma,Krishna Verma,krishna.verma@dhurandharai.com,Sr Manager,Finance,9331729041,1/5/2021,5.2,Female,"Mumbai, India",24,13,11,EMP0107,Riya Shetty
EMP0241,Ira,Pillai,Ira Pillai,ira.pillai@dhurandharai.com,Sr Director,Operations,9550556316,9/29/2024,1.5,Male,"Hyderabad, India",24,16,8,EMP0036,Saanvi Desai
EMP0242,Vivaan,Reddy,Vivaan Reddy,vivaan.reddy@dhurandharai.com,Sr Director,Operations,9876981975,9/10/2019,6.5,Female,"Bangalore, India",20,1,19,EMP0127,Atharv Joshi
EMP0243,Myra,Desai,Myra Desai,myra.desai@dhurandharai.com,Sr Manager,Finance,9829090768,6/18/2018,7.8,Female,"Pune, India",30,2,28,EMP0227,Aarav Iyer
EMP0244,Vivaan,Sharma,Vivaan Sharma,vivaan.sharma@dhurandharai.com,Manager,Data Science & AI,9264542934,5/17/2023,2.9,Male,"Mumbai, India",24,23,1,EMP0200,Riya Shetty
EMP0245,Atharv,Reddy,Atharv Reddy,atharv.reddy@dhurandharai.com,Sr. Associate,Admin,9909046031,6/27/2019,6.8,Male,"Bangalore, India",20,13,7,EMP0032,Vivaan Joshi
EMP0246,Krishna,Singh,Krishna Singh,krishna.singh@dhurandharai.com,Team Lead,Operations,9364128972,10/17/2018,7.4,Male,"Delhi, India",24,16,8,EMP0166,Riya Nair
EMP0247,Anaya,Jain,Anaya Jain,anaya.jain@dhurandharai.com,Manager,Operations,9381732136,7/16/2018,7.7,Female,"Delhi, India",20,17,3,EMP0181,Sara Pillai
EMP0248,Anika,Mehta,Anika Mehta,anika.mehta@dhurandharai.com,Sr Manager,Operations,9621257638,2/24/2021,5.1,Male,"Bangalore, India",24,8,16,EMP0099,Saanvi Singh
EMP0249,Ira,Shetty,Ira Shetty,ira.shetty@dhurandharai.com,Associate Director,Operations,9195506589,6/13/2022,3.8,Female,"Hyderabad, India",30,11,19,EMP0073,Anika Nair
EMP0250,Myra,Sharma,Myra Sharma,myra.sharma@dhurandharai.com,Associate,Marketing,9541372291,9/28/2022,3.5,Female,"Delhi, India",24,23,1,EMP0132,Arjun Shetty
EMP0251,Myra,Malhotra,Myra Malhotra,myra.malhotra@dhurandharai.com,Sr Director,Marketing,9698526932,3/30/2022,4,Male,"Pune, India",24,8,16,EMP0044,Aisha Mehta
EMP0252,Shaurya,Kapoor,Shaurya Kapoor,shaurya.kapoor@dhurandharai.com,Associate Director,Operations,9856566291,5/14/2021,4.9,Female,"Hyderabad, India",20,12,8,EMP0154,Kiara Singh
EMP0253,Sara,Khan,Sara Khan,sara.khan@dhurandharai.com,Sr Director,Finance,9836328481,7/26/2021,4.7,Female,"Bangalore, India",20,12,8,EMP0060,Diya Iyer
EMP0254,Ishaan,Gupta,Ishaan Gupta,ishaan.gupta@dhurandharai.com,Team Lead,Data Science & AI,9936671802,8/9/2022,3.6,Female,"Mumbai, India",20,15,5,EMP0169,Aisha Khan
EMP0255,Saanvi,Desai,Saanvi Desai,saanvi.desai@dhurandharai.com,Team Lead,Data Science & AI,9658498424,4/9/2018,8,Female,"Mumbai, India",30,16,14,EMP0104,Ira Pillai
EMP0256,Atharv,Kulkarni,Atharv Kulkarni,atharv.kulkarni@dhurandharai.com,Sr Manager,Operations,9173431804,7/17/2024,1.7,Female,"Pune, India",30,7,23,EMP0145,Shaurya Patil
EMP0257,Aditya,Khan,Aditya Khan,aditya.khan@dhurandharai.com,Associate,Operations,9484236668,12/14/2018,7.3,Female,"Delhi, India",30,3,27,EMP0133,Aisha Mehta
EMP0258,Krishna,Gupta,Krishna Gupta,krishna.gupta@dhurandharai.com,Sr Director,HR,9578492851,6/25/2025,0.8,Male,"Mumbai, India",20,14,6,EMP0167,Anika Shetty
EMP0259,Dhruv,Mehta,Dhruv Mehta,dhruv.mehta@dhurandharai.com,Associate Director,HR,9142890031,7/14/2019,6.7,Female,"Bangalore, India",24,17,7,EMP0185,Sara Chopra
EMP0260,Sara,Shetty,Sara Shetty,sara.shetty@dhurandharai.com,Manager,Operations,9362181724,9/20/2024,1.5,Female,"Bangalore, India",30,29,1,EMP0117,Atharv Bansal
EMP0261,Reyansh,Singh,Reyansh Singh,reyansh.singh@dhurandharai.com,Associate Director,HR,9674195728,9/20/2019,6.5,Female,"Bangalore, India",24,2,22,EMP0029,Diya Shetty
EMP0262,Anaya,Iyer,Anaya Iyer,anaya.iyer@dhurandharai.com,Team Lead,Data Science & AI,9506925903,11/10/2024,1.4,Female,"Hyderabad, India",30,11,19,EMP0113,Aditya Mehta
EMP0263,Myra,Malhotra,Myra Malhotra,myra.malhotra@dhurandharai.com,Associate,Data Science & AI,9210249124,8/19/2023,2.6,Female,"Bangalore, India",30,20,10,EMP0240,Krishna Verma
EMP0264,Krishna,Verma,Krishna Verma,krishna.verma@dhurandharai.com,Sr. Associate,Finance,9748850968,8/26/2021,4.6,Male,"Delhi, India",30,27,3,EMP0142,Reyansh Joshi
EMP0265,Anaya,Shetty,Anaya Shetty,anaya.shetty@dhurandharai.com,Sr Director,Admin,9552512895,9/12/2019,6.5,Female,"Mumbai, India",30,21,9,EMP0175,Saanvi Mehta
EMP0266,Kiara,Mehta,Kiara Mehta,kiara.mehta@dhurandharai.com,Sr Director,Operations,9799477450,2/23/2022,4.1,Male,"Pune, India",30,14,16,EMP0237,Ira Iyer
EMP0267,Vivaan,Verma,Vivaan Verma,vivaan.verma@dhurandharai.com,Sr Director,Data Science & AI,9542988482,9/16/2023,2.5,Female,"Hyderabad, India",20,7,13,EMP0113,Aditya Mehta
EMP0268,Krishna,Desai,Krishna Desai,krishna.desai@dhurandharai.com,Sr Manager,Marketing,9766495915,1/28/2023,3.2,Female,"Bangalore, India",20,0,20,EMP0069,Ira Patil
EMP0269,Vivaan,Desai,Vivaan Desai,vivaan.desai@dhurandharai.com,Associate Director,Operations,9507174264,6/15/2021,4.8,Male,"Mumbai, India",24,4,20,EMP0224,Aisha Nair
EMP0270,Myra,Joshi,Myra Joshi,myra.joshi@dhurandharai.com,Associate Director,Marketing,9830617103,9/19/2021,4.5,Male,"Bangalore, India",20,17,3,EMP0233,Arjun Malhotra
EMP0271,Arjun,Reddy,Arjun Reddy,arjun.reddy@dhurandharai.com,Manager,HR,9810264202,1/29/2023,3.2,Female,"Mumbai, India",24,4,20,EMP0170,Shaurya Singh
EMP0272,Saanvi,Kulkarni,Saanvi Kulkarni,saanvi.kulkarni@dhurandharai.com,Team Lead,Finance,9731204250,8/10/2023,2.6,Male,"Bangalore, India",24,23,1,EMP0005,Kiara Bansal
EMP0273,Diya,Mehta,Diya Mehta,diya.mehta@dhurandharai.com,Associate Director,Data Science & AI,9924962511,11/18/2023,2.4,Female,"Delhi, India",20,3,17,EMP0208,Riya Shetty
EMP0274,Anaya,Reddy,Anaya Reddy,anaya.reddy@dhurandharai.com,Sr Manager,HR,9578908186,4/18/2020,5.9,Female,"Hyderabad, India",20,3,17,EMP0024,Atharv Reddy
EMP0275,Krishna,Reddy,Krishna Reddy,krishna.reddy@dhurandharai.com,Sr Manager,Finance,9658093248,10/21/2021,4.4,Female,"Delhi, India",30,15,15,EMP0242,Vivaan Reddy
EMP0276,Krishna,Shetty,Krishna Shetty,krishna.shetty@dhurandharai.com,Team Lead,Marketing,9706353465,3/28/2021,5,Male,"Hyderabad, India",24,23,1,EMP0235,Diya Jain
EMP0277,Ira,Nair,Ira Nair,ira.nair@dhurandharai.com,Team Lead,Data Science & AI,9777914952,10/29/2020,5.4,Female,"Hyderabad, India",30,25,5,EMP0084,Aditya Singh
EMP0278,Riya,Khan,Riya Khan,riya.khan@dhurandharai.com,Sr Manager,Finance,9174685208,5/26/2024,1.8,Female,"Hyderabad, India",30,18,12,EMP0080,Anaya Jain
EMP0279,Reyansh,Kulkarni,Reyansh Kulkarni,reyansh.kulkarni@dhurandharai.com,Associate,Admin,9892289764,6/7/2021,4.8,Male,"Pune, India",20,15,5,EMP0013,Dhruv Khan
EMP0280,Anika,Shetty,Anika Shetty,anika.shetty@dhurandharai.com,Associate Director,Data Science & AI,9298249241,9/27/2023,2.5,Male,"Delhi, India",20,11,9,EMP0043,Saanvi Jain
EMP0281,Riya,Sharma,Riya Sharma,riya.sharma@dhurandharai.com,Team Lead,Marketing,9763024261,10/14/2020,5.4,Female,"Delhi, India",24,17,7,EMP0031,Kiara Chopra
EMP0282,Kiara,Kapoor,Kiara Kapoor,kiara.kapoor@dhurandharai.com,Sr. Associate,Data Science & AI,9538052218,2/8/2024,2.1,Female,"Hyderabad, India",30,12,18,EMP0146,Riya Gupta
EMP0283,Vivaan,Joshi,Vivaan Joshi,vivaan.joshi@dhurandharai.com,Associate,Data Science & AI,9743883025,9/10/2022,3.5,Female,"Hyderabad, India",30,13,17,EMP0265,Anaya Shetty
EMP0284,Aarav,Mehta,Aarav Mehta,aarav.mehta@dhurandharai.com,Associate,Operations,9278847406,6/18/2023,2.8,Female,"Pune, India",24,4,20,EMP0236,Sara Malhotra
EMP0285,Anika,Kapoor,Anika Kapoor,anika.kapoor@dhurandharai.com,Associate Director,Marketing,9501591050,9/17/2019,6.5,Female,"Mumbai, India",24,13,11,EMP0140,Arjun Patil
EMP0286,Ishaan,Reddy,Ishaan Reddy,ishaan.reddy@dhurandharai.com,Associate,Operations,9414156273,3/10/2018,8,Male,"Mumbai, India",30,6,24,EMP0262,Anaya Iyer
EMP0287,Sara,Gupta,Sara Gupta,sara.gupta@dhurandharai.com,Sr. Associate,Finance,9562159917,11/28/2024,1.3,Female,"Mumbai, India",20,17,3,EMP0141,Myra Bansal
EMP0288,Saanvi,Shetty,Saanvi Shetty,saanvi.shetty@dhurandharai.com,Manager,Marketing,9760664659,11/28/2019,6.3,Female,"Pune, India",24,8,16,EMP0223,Reyansh Joshi
EMP0289,Atharv,Joshi,Atharv Joshi,atharv.joshi@dhurandharai.com,Associate,Marketing,9201956820,3/8/2019,7.1,Female,"Mumbai, India",30,16,14,EMP0142,Reyansh Joshi
EMP0290,Reyansh,Gupta,Reyansh Gupta,reyansh.gupta@dhurandharai.com,Sr. Associate,Admin,9950310490,4/30/2024,1.9,Female,"Pune, India",24,2,22,EMP0214,Saanvi Pillai
EMP0291,Reyansh,Khan,Reyansh Khan,reyansh.khan@dhurandharai.com,Manager,Operations,9936477187,12/11/2019,6.3,Female,"Bangalore, India",30,17,13,EMP0083,Saanvi Jain
EMP0292,Aarav,Iyer,Aarav Iyer,aarav.iyer@dhurandharai.com,Manager,Marketing,9767898824,4/14/2024,1.9,Female,"Mumbai, India",24,5,19,EMP0109,Reyansh Khan
EMP0293,Saanvi,Iyer,Saanvi Iyer,saanvi.iyer@dhurandharai.com,Sr. Associate,HR,9285290315,4/4/2018,8,Male,"Pune, India",30,30,0,EMP0234,Sara Kulkarni
EMP0294,Aditya,Desai,Aditya Desai,aditya.desai@dhurandharai.com,Team Lead,Marketing,9439530427,4/28/2019,6.9,Male,"Pune, India",30,14,16,EMP0199,Ishaan Mehta
EMP0295,Ira,Joshi,Ira Joshi,ira.joshi@dhurandharai.com,Associate,Finance,9173875371,11/15/2021,4.4,Male,"Pune, India",20,18,2,EMP0210,Reyansh Khan
EMP0296,Krishna,Patil,Krishna Patil,krishna.patil@dhurandharai.com,Team Lead,Admin,9779598102,6/30/2020,5.7,Female,"Delhi, India",24,14,10,EMP0038,Ishaan Gupta
EMP0297,Myra,Malhotra,Myra Malhotra,myra.malhotra@dhurandharai.com,Associate Director,Data Science & AI,9960860888,10/31/2022,3.4,Female,"Delhi, India",24,6,18,EMP0266,Kiara Mehta
EMP0298,Krishna,Pillai,Krishna Pillai,krishna.pillai@dhurandharai.com,Team Lead,Marketing,9498452503,10/3/2021,4.5,Male,"Bangalore, India",20,19,1,EMP0036,Saanvi Desai
EMP0299,Anaya,Sharma,Anaya Sharma,anaya.sharma@dhurandharai.com,Sr Manager,Finance,9856592089,4/8/2021,5,Male,"Mumbai, India",30,25,5,EMP0083,Saanvi Jain
EMP0300,Dhruv,Khan,Dhruv Khan,dhruv.khan@dhurandharai.com,Sr. Associate,Finance,9951360511,7/10/2021,4.7,Female,"Delhi, India",24,18,6,EMP0167,Anika Shetty
EMP0301,Aisha,Chopra,Aisha Chopra,aisha.chopra@dhurandharai.com,Sr. Associate,Admin,9979494188,3/2/2020,6.1,Female,"Mumbai, India",30,25,5,EMP0087,Myra Jain
EMP0302,Anaya,Chopra,Anaya Chopra,anaya.chopra@dhurandharai.com,Sr Manager,Operations,9370957713,1/17/2025,1.2,Female,"Delhi, India",24,16,8,EMP0216,Arjun Pillai
EMP0303,Sara,Chopra,Sara Chopra,sara.chopra@dhurandharai.com,Associate Director,Operations,9672551245,5/17/2021,4.9,Female,"Hyderabad, India",24,2,22,EMP0107,Riya Shetty
EMP0304,Riya,Iyer,Riya Iyer,riya.iyer@dhurandharai.com,Manager,Data Science & AI,9712451988,10/31/2018,7.4,Female,"Hyderabad, India",30,28,2,EMP0028,Ira Reddy
EMP0305,Saanvi,Desai,Saanvi Desai,saanvi.desai@dhurandharai.com,Manager,Marketing,9820978449,6/20/2021,4.8,Male,"Mumbai, India",30,8,22,EMP0173,Arjun Bansal
EMP0306,Myra,Pillai,Myra Pillai,myra.pillai@dhurandharai.com,Sr. Associate,Admin,9971649093,10/11/2020,5.5,Male,"Delhi, India",30,18,12,EMP0195,Aditya Mehta
EMP0307,Ishaan,Nair,Ishaan Nair,ishaan.nair@dhurandharai.com,Associate Director,Operations,9713952548,3/30/2022,4,Female,"Bangalore, India",20,2,18,EMP0046,Dhruv Malhotra
EMP0308,Saanvi,Reddy,Saanvi Reddy,saanvi.reddy@dhurandharai.com,Associate,Admin,9284110923,6/23/2022,3.8,Male,"Pune, India",24,6,18,EMP0212,Dhruv Jain
EMP0309,Aditya,Bansal,Aditya Bansal,aditya.bansal@dhurandharai.com,Team Lead,Marketing,9457803825,8/1/2023,2.7,Male,"Hyderabad, India",30,14,16,EMP0229,Atharv Singh
EMP0310,Dhruv,Bansal,Dhruv Bansal,dhruv.bansal@dhurandharai.com,Manager,Data Science & AI,9134320911,11/23/2021,4.3,Female,"Pune, India",20,15,5,EMP0055,Anika Khan
EMP0311,Krishna,Khan,Krishna Khan,krishna.khan@dhurandharai.com,Associate Director,HR,9440901499,8/17/2019,6.6,Male,"Mumbai, India",20,17,3,EMP0243,Myra Desai
EMP0312,Aarav,Singh,Aarav Singh,aarav.singh@dhurandharai.com,Sr. Associate,Operations,9853312245,11/8/2021,4.4,Male,"Pune, India",20,4,16,EMP0065,Diya Joshi
EMP0313,Reyansh,Pillai,Reyansh Pillai,reyansh.pillai@dhurandharai.com,Sr. Associate,Operations,9248168979,12/8/2022,3.3,Male,"Bangalore, India",24,22,2,EMP0068,Arjun Bansal
EMP0314,Riya,Gupta,Riya Gupta,riya.gupta@dhurandharai.com,Associate Director,HR,9221602884,1/26/2022,4.2,Male,"Bangalore, India",20,2,18,EMP0298,Krishna Pillai
EMP0315,Diya,Malhotra,Diya Malhotra,diya.malhotra@dhurandharai.com,Team Lead,Data Science & AI,9871390607,12/14/2019,6.3,Male,"Pune, India",20,20,0,EMP0158,Riya Khan
EMP0316,Sara,Singh,Sara Singh,sara.singh@dhurandharai.com,Associate Director,Admin,9548249979,12/18/2023,2.3,Male,"Delhi, India",30,24,6,EMP0134,Anika Iyer
EMP0317,Ira,Desai,Ira Desai,ira.desai@dhurandharai.com,Manager,Admin,9573823165,8/16/2023,2.6,Male,"Bangalore, India",24,21,3,EMP0175,Saanvi Mehta
EMP0318,Aisha,Iyer,Aisha Iyer,aisha.iyer@dhurandharai.com,Sr. Associate,Admin,9638396714,4/25/2020,5.9,Male,"Delhi, India",30,9,21,EMP0182,Anika Gupta
EMP0319,Reyansh,Pillai,Reyansh Pillai,reyansh.pillai@dhurandharai.com,Team Lead,Operations,9816910980,8/2/2025,0.6,Male,"Mumbai, India",24,1,23,EMP0069,Ira Patil
EMP0320,Krishna,Shetty,Krishna Shetty,krishna.shetty@dhurandharai.com,Team Lead,Data Science & AI,9509941966,6/14/2024,1.8,Female,"Mumbai, India",20,11,9,EMP0133,Aisha Mehta
EMP0321,Aisha,Khan,Aisha Khan,aisha.khan@dhurandharai.com,Team Lead,Data Science & AI,9264514713,9/22/2018,7.5,Female,"Hyderabad, India",24,16,8,EMP0299,Anaya Sharma
EMP0322,Krishna,Gupta,Krishna Gupta,krishna.gupta@dhurandharai.com,Sr Director,Operations,9904683558,9/19/2025,0.5,Female,"Delhi, India",20,10,10,EMP0220,Ishaan Shetty
EMP0323,Ira,Iyer,Ira Iyer,ira.iyer@dhurandharai.com,Associate Director,Admin,9501541439,10/4/2020,5.5,Female,"Pune, India",24,14,10,EMP0004,Diya Pillai
EMP0324,Arjun,Nair,Arjun Nair,arjun.nair@dhurandharai.com,Associate Director,Finance,9157640895,2/13/2022,4.1,Female,"Bangalore, India",30,0,30,EMP0189,Ira Nair
EMP0325,Krishna,Joshi,Krishna Joshi,krishna.joshi@dhurandharai.com,Team Lead,Admin,9609778093,4/29/2024,1.9,Female,"Bangalore, India",24,23,1,EMP0137,Diya Pillai
EMP0326,Aisha,Desai,Aisha Desai,aisha.desai@dhurandharai.com,Associate,Operations,9767026782,4/5/2023,3,Female,"Bangalore, India",24,13,11,EMP0002,Kiara Verma
EMP0327,Dhruv,Chopra,Dhruv Chopra,dhruv.chopra@dhurandharai.com,Sr Director,HR,9276389579,3/7/2019,7.1,Female,"Pune, India",30,23,7,EMP0213,Shaurya Bansal
EMP0328,Reyansh,Khan,Reyansh Khan,reyansh.khan@dhurandharai.com,Sr Manager,Admin,9520890018,3/13/2023,3,Male,"Pune, India",30,27,3,EMP0179,Vivaan Jain
EMP0329,Sara,Iyer,Sara Iyer,sara.iyer@dhurandharai.com,Team Lead,Operations,9522594115,4/18/2019,6.9,Female,"Pune, India",30,30,0,EMP0226,Ira Sharma
EMP0330,Aditya,Chopra,Aditya Chopra,aditya.chopra@dhurandharai.com,Sr Manager,Operations,9313201322,1/14/2022,4.2,Male,"Mumbai, India",30,26,4,EMP0001,Mayur Nikam
EMP0331,Reyansh,Gupta,Reyansh Gupta,reyansh.gupta@dhurandharai.com,Associate,Operations,9626665027,11/24/2025,0.3,Male,"Mumbai, India",24,0,24,EMP0204,Vivaan Mehta
EMP0332,Shaurya,Nair,Shaurya Nair,shaurya.nair@dhurandharai.com,Team Lead,HR,9709571098,2/14/2023,3.1,Female,"Bangalore, India",20,4,16,EMP0152,Kiara Desai
EMP0333,Sara,Reddy,Sara Reddy,sara.reddy@dhurandharai.com,Team Lead,Finance,9408456681,1/14/2024,2.2,Female,"Hyderabad, India",20,9,11,EMP0078,Saanvi Patil
EMP0334,Aisha,Verma,Aisha Verma,aisha.verma@dhurandharai.com,Sr Director,Admin,9971576819,9/18/2022,3.5,Female,"Pune, India",30,23,7,EMP0249,Ira Shetty
EMP0335,Diya,Joshi,Diya Joshi,diya.joshi@dhurandharai.com,Sr Manager,Data Science & AI,9640717733,1/25/2018,8.2,Male,"Delhi, India",20,1,19,EMP0067,Atharv Kulkarni
EMP0336,Reyansh,Mehta,Reyansh Mehta,reyansh.mehta@dhurandharai.com,Sr. Associate,Finance,9740831814,1/26/2018,8.2,Male,"Hyderabad, India",20,16,4,EMP0295,Ira Joshi
EMP0337,Saanvi,Bansal,Saanvi Bansal,saanvi.bansal@dhurandharai.com,Team Lead,Operations,9541320563,1/15/2020,6.2,Female,"Hyderabad, India",20,11,9,EMP0025,Riya Desai
EMP0338,Ishaan,Kulkarni,Ishaan Kulkarni,ishaan.kulkarni@dhurandharai.com,Associate,Admin,9448975378,3/22/2024,2,Male,"Delhi, India",30,8,22,EMP0269,Vivaan Desai
EMP0339,Kiara,Malhotra,Kiara Malhotra,kiara.malhotra@dhurandharai.com,Associate,HR,9114214522,3/1/2021,5.1,Female,"Pune, India",20,6,14,EMP0036,Saanvi Desai
EMP0340,Aisha,Verma,Aisha Verma,aisha.verma@dhurandharai.com,Manager,Admin,9265044354,8/16/2022,3.6,Male,"Mumbai, India",24,13,11,EMP0257,Aditya Khan
EMP0341,Shaurya,Shetty,Shaurya Shetty,shaurya.shetty@dhurandharai.com,Associate Director,Operations,9216315368,2/1/2024,2.1,Male,"Delhi, India",24,22,2,EMP0051,Riya Jain
EMP0342,Vivaan,Gupta,Vivaan Gupta,vivaan.gupta@dhurandharai.com,Sr. Associate,Data Science & AI,9879838741,5/9/2018,7.9,Female,"Pune, India",20,15,5,EMP0011,Saanvi Shetty
EMP0343,Dhruv,Singh,Dhruv Singh,dhruv.singh@dhurandharai.com,Sr Director,HR,9703057451,12/17/2020,5.3,Female,"Delhi, India",24,5,19,EMP0054,Ira Bansal
EMP0344,Diya,Kulkarni,Diya Kulkarni,diya.kulkarni@dhurandharai.com,Sr. Associate,HR,9694481695,6/15/2020,5.8,Female,"Mumbai, India",24,24,0,EMP0057,Sara Shetty
EMP0345,Myra,Malhotra,Myra Malhotra,myra.malhotra@dhurandharai.com,Sr Director,HR,9375167343,9/9/2019,6.5,Male,"Bangalore, India",24,2,22,EMP0255,Saanvi Desai
EMP0346,Kiara,Reddy,Kiara Reddy,kiara.reddy@dhurandharai.com,Manager,HR,9560677949,6/12/2020,5.8,Female,"Hyderabad, India",24,21,3,EMP0249,Ira Shetty
EMP0347,Anika,Kulkarni,Anika Kulkarni,anika.kulkarni@dhurandharai.com,Sr. Associate,HR,9318110538,6/19/2019,6.8,Male,"Delhi, India",24,15,9,EMP0311,Krishna Khan
EMP0348,Reyansh,Kulkarni,Reyansh Kulkarni,reyansh.kulkarni@dhurandharai.com,Sr. Associate,Finance,9365837144,10/4/2020,5.5,Female,"Hyderabad, India",24,23,1,EMP0294,Aditya Desai
EMP0349,Sara,Desai,Sara Desai,sara.desai@dhurandharai.com,Sr Director,HR,9216025522,12/22/2018,7.3,Female,"Delhi, India",24,24,0,EMP0276,Krishna Shetty
EMP0350,Myra,Kulkarni,Myra Kulkarni,myra.kulkarni@dhurandharai.com,Sr. Associate,Admin,9161238865,8/19/2025,0.6,Female,"Bangalore, India",30,13,17,EMP0084,Aditya Singh
EMP0351,Krishna,Bansal,Krishna Bansal,krishna.bansal@dhurandharai.com,Team Lead,Data Science & AI,9425197949,3/1/2018,8.1,Female,"Hyderabad, India",30,6,24,EMP0090,Vivaan Verma
EMP0352,Kiara,Mehta,Kiara Mehta,kiara.mehta@dhurandharai.com,Manager,Data Science & AI,9445531163,2/8/2024,2.1,Female,"Delhi, India",24,14,10,EMP0188,Shaurya Singh
EMP0353,Shaurya,Pillai,Shaurya Pillai,shaurya.pillai@dhurandharai.com,Sr Director,Admin,9219290482,12/23/2022,3.3,Female,"Hyderabad, India",24,15,9,EMP0117,Atharv Bansal
EMP0354,Diya,Jain,Diya Jain,diya.jain@dhurandharai.com,Associate,Data Science & AI,9453395965,4/21/2020,5.9,Male,"Bangalore, India",30,7,23,EMP0105,Aditya Joshi
EMP0355,Diya,Reddy,Diya Reddy,diya.reddy@dhurandharai.com,Manager,HR,9930159050,6/19/2018,7.8,Female,"Mumbai, India",30,20,10,EMP0312,Aarav Singh
EMP0356,Arjun,Pillai,Arjun Pillai,arjun.pillai@dhurandharai.com,Sr Manager,Operations,9778677024,3/13/2025,1,Female,"Mumbai, India",24,22,2,EMP0166,Riya Nair
EMP0357,Anaya,Patil,Anaya Patil,anaya.patil@dhurandharai.com,Manager,HR,9898722185,3/31/2019,7,Female,"Delhi, India",24,15,9,EMP0311,Krishna Khan
EMP0358,Saanvi,Nair,Saanvi Nair,saanvi.nair@dhurandharai.com,Sr. Associate,Data Science & AI,9779037842,9/21/2018,7.5,Male,"Delhi, India",20,1,19,EMP0234,Sara Kulkarni
EMP0359,Diya,Pillai,Diya Pillai,diya.pillai@dhurandharai.com,Sr Director,Data Science & AI,9834147418,7/28/2021,4.7,Female,"Pune, India",20,9,11,EMP0105,Aditya Joshi
EMP0360,Anaya,Khan,Anaya Khan,anaya.khan@dhurandharai.com,Sr Manager,Finance,9664215267,12/15/2018,7.3,Male,"Mumbai, India",24,24,0,EMP0243,Myra Desai
EMP0361,Aarav,Patil,Aarav Patil,aarav.patil@dhurandharai.com,Sr. Associate,HR,9376803880,8/29/2018,7.6,Male,"Pune, India",20,14,6,EMP0057,Sara Shetty
EMP0362,Myra,Khan,Myra Khan,myra.khan@dhurandharai.com,Sr Manager,Marketing,9825627746,10/28/2020,5.4,Male,"Delhi, India",20,12,8,EMP0040,Kiara Chopra
EMP0363,Aisha,Pillai,Aisha Pillai,aisha.pillai@dhurandharai.com,Associate,HR,9225165198,7/8/2019,6.7,Male,"Delhi, India",20,17,3,EMP0058,Saanvi Singh
EMP0364,Krishna,Kapoor,Krishna Kapoor,krishna.kapoor@dhurandharai.com,Associate Director,Data Science & AI,9514400442,5/7/2020,5.9,Male,"Mumbai, India",30,20,10,EMP0184,Aditya Patil
EMP0365,Ishaan,Kulkarni,Ishaan Kulkarni,ishaan.kulkarni@dhurandharai.com,Associate Director,Finance,9224177134,1/24/2023,3.2,Female,"Hyderabad, India",30,4,26,EMP0068,Arjun Bansal
EMP0366,Arjun,Pillai,Arjun Pillai,arjun.pillai@dhurandharai.com,Team Lead,Marketing,9190352716,4/23/2019,6.9,Female,"Mumbai, India",24,4,20,EMP0070,Anika Reddy
EMP0367,Kiara,Pillai,Kiara Pillai,kiara.pillai@dhurandharai.com,Sr Manager,Finance,9974596013,2/14/2021,5.1,Female,"Hyderabad, India",30,20,10,EMP0020,Arjun Sharma
EMP0368,Anaya,Jain,Anaya Jain,anaya.jain@dhurandharai.com,Sr Manager,Marketing,9909735205,6/11/2022,3.8,Female,"Delhi, India",24,24,0,EMP0207,Atharv Chopra
EMP0369,Ishaan,Khan,Ishaan Khan,ishaan.khan@dhurandharai.com,Sr Director,Finance,9935271089,10/10/2021,4.5,Male,"Mumbai, India",30,9,21,EMP0054,Ira Bansal
EMP0370,Sara,Joshi,Sara Joshi,sara.joshi@dhurandharai.com,Manager,Data Science & AI,9328496310,8/22/2019,6.6,Male,"Mumbai, India",24,24,0,EMP0305,Saanvi Desai
EMP0371,Riya,Nair,Riya Nair,riya.nair@dhurandharai.com,Associate,Marketing,9390255930,11/22/2023,2.3,Female,"Hyderabad, India",30,15,15,EMP0130,Myra Iyer
EMP0372,Dhruv,Kulkarni,Dhruv Kulkarni,dhruv.kulkarni@dhurandharai.com,Sr. Associate,Data Science & AI,9501831103,8/17/2024,1.6,Male,"Hyderabad, India",24,24,0,EMP0106,Ishaan Chopra
EMP0373,Atharv,Shetty,Atharv Shetty,atharv.shetty@dhurandharai.com,Associate Director,Admin,9197690320,3/23/2018,8,Female,"Pune, India",30,24,6,EMP0138,Anika Bansal
EMP0374,Kiara,Khan,Kiara Khan,kiara.khan@dhurandharai.com,Sr Director,HR,9646176567,7/30/2021,4.7,Male,"Delhi, India",20,6,14,EMP0355,Diya Reddy
EMP0375,Aditya,Nair,Aditya Nair,aditya.nair@dhurandharai.com,Associate,Marketing,9380149932,5/16/2020,5.9,Male,"Bangalore, India",30,5,25,EMP0162,Aditya Gupta
EMP0376,Anaya,Mehta,Anaya Mehta,anaya.mehta@dhurandharai.com,Team Lead,HR,9982833987,4/30/2024,1.9,Male,"Hyderabad, India",24,7,17,EMP0324,Arjun Nair
EMP0377,Sara,Singh,Sara Singh,sara.singh@dhurandharai.com,Sr Director,Marketing,9462708836,9/14/2020,5.5,Male,"Mumbai, India",30,19,11,EMP0119,Vivaan Verma
EMP0378,Kiara,Singh,Kiara Singh,kiara.singh@dhurandharai.com,Sr Director,Operations,9110718584,11/3/2018,7.4,Male,"Bangalore, India",20,14,6,EMP0374,Kiara Khan
EMP0379,Reyansh,Chopra,Reyansh Chopra,reyansh.chopra@dhurandharai.com,Sr Director,Finance,9818016058,1/20/2023,3.2,Female,"Hyderabad, India",20,18,2,EMP0363,Aisha Pillai
EMP0380,Shaurya,Pillai,Shaurya Pillai,shaurya.pillai@dhurandharai.com,Manager,Data Science & AI,9365798201,3/4/2024,2.1,Male,"Mumbai, India",20,13,7,EMP0179,Vivaan Jain
EMP0381,Kiara,Mehta,Kiara Mehta,kiara.mehta@dhurandharai.com,Team Lead,Finance,9430499034,7/5/2018,7.7,Male,"Delhi, India",20,7,13,EMP0192,Anika Iyer
EMP0382,Dhruv,Kapoor,Dhruv Kapoor,dhruv.kapoor@dhurandharai.com,Manager,Data Science & AI,9685017398,2/14/2025,1.1,Female,"Bangalore, India",24,20,4,EMP0100,Aarav Nair
EMP0383,Myra,Malhotra,Myra Malhotra,myra.malhotra@dhurandharai.com,Team Lead,Finance,9774938859,5/23/2025,0.8,Male,"Hyderabad, India",24,15,9,EMP0115,Vivaan Pillai
EMP0384,Aarav,Nair,Aarav Nair,aarav.nair@dhurandharai.com,Sr. Associate,HR,9135319106,9/24/2022,3.5,Male,"Pune, India",30,6,24,EMP0284,Aarav Mehta
EMP0385,Arjun,Gupta,Arjun Gupta,arjun.gupta@dhurandharai.com,Manager,HR,9925707370,7/11/2022,3.7,Male,"Delhi, India",20,14,6,EMP0182,Anika Gupta
EMP0386,Anaya,Pillai,Anaya Pillai,anaya.pillai@dhurandharai.com,Sr. Associate,Finance,9473919446,10/22/2021,4.4,Male,"Pune, India",20,2,18,EMP0127,Atharv Joshi
EMP0387,Vivaan,Malhotra,Vivaan Malhotra,vivaan.malhotra@dhurandharai.com,Sr. Associate,Admin,9321252609,10/28/2025,0.4,Male,"Bangalore, India",20,5,15,EMP0223,Reyansh Joshi
EMP0388,Kiara,Pillai,Kiara Pillai,kiara.pillai@dhurandharai.com,Sr Manager,Marketing,9465392493,6/12/2023,2.8,Male,"Mumbai, India",30,28,2,EMP0058,Saanvi Singh
EMP0389,Vivaan,Chopra,Vivaan Chopra,vivaan.chopra@dhurandharai.com,Associate,Finance,9890592621,5/28/2023,2.8,Female,"Bangalore, India",30,10,20,EMP0147,Arjun Reddy
EMP0390,Ishaan,Kulkarni,Ishaan Kulkarni,ishaan.kulkarni@dhurandharai.com,Associate Director,Finance,9395190676,7/11/2021,4.7,Female,"Mumbai, India",24,3,21,EMP0089,Kiara Gupta
EMP0391,Dhruv,Mehta,Dhruv Mehta,dhruv.mehta@dhurandharai.com,Team Lead,Finance,9729363329,5/6/2020,5.9,Male,"Mumbai, India",24,18,6,EMP0387,Vivaan Malhotra
EMP0392,Sara,Sharma,Sara Sharma,sara.sharma@dhurandharai.com,Sr Manager,Marketing,9856000516,5/6/2019,6.9,Male,"Mumbai, India",20,4,16,EMP0089,Kiara Gupta
EMP0393,Diya,Kapoor,Diya Kapoor,diya.kapoor@dhurandharai.com,Sr Manager,Finance,9303513965,3/2/2023,3.1,Male,"Bangalore, India",20,7,13,EMP0342,Vivaan Gupta
EMP0394,Ishaan,Bansal,Ishaan Bansal,ishaan.bansal@dhurandharai.com,Associate,HR,9985275304,3/31/2024,2,Male,"Hyderabad, India",20,2,18,EMP0037,Vivaan Khan
EMP0395,Aditya,Sharma,Aditya Sharma,aditya.sharma@dhurandharai.com,Associate,Operations,9145944495,11/3/2025,0.4,Female,"Hyderabad, India",20,15,5,EMP0322,Krishna Gupta
EMP0396,Vivaan,Kulkarni,Vivaan Kulkarni,vivaan.kulkarni@dhurandharai.com,Associate,Finance,9280864865,10/15/2020,5.4,Male,"Bangalore, India",24,18,6,EMP0017,Vivaan Desai
EMP0397,Krishna,Iyer,Krishna Iyer,krishna.iyer@dhurandharai.com,Sr. Associate,Operations,9958074276,9/13/2021,4.5,Male,"Delhi, India",30,0,30,EMP0183,Krishna Reddy
EMP0398,Shaurya,Kulkarni,Shaurya Kulkarni,shaurya.kulkarni@dhurandharai.com,Sr Director,Admin,9245144436,11/17/2022,3.4,Male,"Hyderabad, India",20,17,3,EMP0241,Ira Pillai
EMP0399,Atharv,Sharma,Atharv Sharma,atharv.sharma@dhurandharai.com,Sr. Associate,Finance,9221554760,8/11/2025,0.6,Male,"Delhi, India",24,12,12,EMP0369,Ishaan Khan
EMP0400,Anika,Shetty,Anika Shetty,anika.shetty@dhurandharai.com,Sr Manager,Finance,9664500345,4/17/2020,5.9,Male,"Delhi, India",24,18,6,EMP0180,Arjun Kapoor
EMP0401,Vivaan,Chopra,Vivaan Chopra,vivaan.chopra@dhurandharai.com,Associate,Admin,9486436592,7/12/2024,1.7,Male,"Mumbai, India",24,15,9,EMP0105,Aditya Joshi
EMP0402,Anaya,Reddy,Anaya Reddy,anaya.reddy@dhurandharai.com,Sr Director,Finance,9842251251,4/24/2021,4.9,Female,"Bangalore, India",30,11,19,EMP0385,Arjun Gupta
EMP0403,Reyansh,Shetty,Reyansh Shetty,reyansh.shetty@dhurandharai.com,Associate,Marketing,9823680830,5/18/2018,7.9,Female,"Hyderabad, India",20,16,4,EMP0100,Aarav Nair
EMP0404,Saanvi,Jain,Saanvi Jain,saanvi.jain@dhurandharai.com,Sr Director,Data Science & AI,9262495958,2/22/2020,6.1,Male,"Hyderabad, India",24,20,4,EMP0349,Sara Desai
EMP0405,Krishna,Nair,Krishna Nair,krishna.nair@dhurandharai.com,Sr Director,Operations,9427570260,10/13/2021,4.5,Male,"Bangalore, India",20,18,2,EMP0015,Krishna Jain
EMP0406,Aditya,Gupta,Aditya Gupta,aditya.gupta@dhurandharai.com,Sr Director,Operations,9152294653,9/23/2025,0.5,Male,"Hyderabad, India",24,12,12,EMP0039,Dhruv Khan
EMP0407,Arjun,Jain,Arjun Jain,arjun.jain@dhurandharai.com,Sr Director,HR,9997808279,7/3/2024,1.7,Male,"Delhi, India",30,28,2,EMP0403,Reyansh Shetty
EMP0408,Kiara,Kapoor,Kiara Kapoor,kiara.kapoor@dhurandharai.com,Team Lead,Data Science & AI,9884938364,10/17/2022,3.4,Female,"Hyderabad, India",20,2,18,EMP0169,Aisha Khan
EMP0409,Saanvi,Singh,Saanvi Singh,saanvi.singh@dhurandharai.com,Sr. Associate,HR,9719666337,4/5/2021,5,Female,"Bangalore, India",20,16,4,EMP0019,Vivaan Kulkarni
EMP0410,Myra,Reddy,Myra Reddy,myra.reddy@dhurandharai.com,Sr. Associate,HR,9526498402,3/7/2020,6.1,Male,"Pune, India",24,24,0,EMP0120,Krishna Mehta
EMP0411,Anika,Singh,Anika Singh,anika.singh@dhurandharai.com,Team Lead,Data Science & AI,9991714943,4/10/2025,1,Male,"Bangalore, India",20,4,16,EMP0208,Riya Shetty
EMP0412,Reyansh,Bansal,Reyansh Bansal,reyansh.bansal@dhurandharai.com,Associate,Marketing,9932724291,3/6/2022,4.1,Female,"Bangalore, India",30,6,24,EMP0328,Reyansh Khan
EMP0413,Sara,Khan,Sara Khan,sara.khan@dhurandharai.com,Sr Manager,Admin,9982647836,12/25/2021,4.3,Female,"Pune, India",30,5,25,EMP0034,Myra Jain
EMP0414,Riya,Iyer,Riya Iyer,riya.iyer@dhurandharai.com,Manager,Data Science & AI,9360183665,6/21/2019,6.8,Male,"Bangalore, India",20,10,10,EMP0089,Kiara Gupta
EMP0415,Dhruv,Joshi,Dhruv Joshi,dhruv.joshi@dhurandharai.com,Team Lead,Admin,9519622651,5/25/2024,1.8,Female,"Delhi, India",24,24,0,EMP0345,Myra Malhotra
EMP0416,Diya,Reddy,Diya Reddy,diya.reddy@dhurandharai.com,Sr Director,Admin,9312849137,8/15/2020,5.6,Female,"Mumbai, India",20,17,3,EMP0236,Sara Malhotra
EMP0417,Shaurya,Mehta,Shaurya Mehta,shaurya.mehta@dhurandharai.com,Associate,HR,9916448479,10/3/2021,4.5,Female,"Hyderabad, India",24,20,4,EMP0413,Sara Khan
EMP0418,Myra,Pillai,Myra Pillai,myra.pillai@dhurandharai.com,Sr Director,Admin,9758566881,6/8/2023,2.8,Female,"Delhi, India",20,10,10,EMP0329,Sara Iyer
EMP0419,Riya,Kapoor,Riya Kapoor,riya.kapoor@dhurandharai.com,Associate Director,HR,9953388385,7/13/2018,7.7,Female,"Delhi, India",20,8,12,EMP0009,Aisha Pillai
EMP0420,Sara,Verma,Sara Verma,sara.verma@dhurandharai.com,Sr. Associate,Data Science & AI,9573264075,11/9/2018,7.4,Male,"Hyderabad, India",30,2,28,EMP0271,Arjun Reddy
EMP0421,Aarav,Jain,Aarav Jain,aarav.jain@dhurandharai.com,Associate Director,Operations,9821950171,8/4/2025,0.6,Female,"Mumbai, India",24,19,5,EMP0299,Anaya Sharma
EMP0422,Aditya,Pillai,Aditya Pillai,aditya.pillai@dhurandharai.com,Sr Manager,Data Science & AI,9618530873,8/8/2019,6.6,Female,"Bangalore, India",24,8,16,EMP0209,Anika Nair
EMP0423,Arjun,Iyer,Arjun Iyer,arjun.iyer@dhurandharai.com,Sr Director,Admin,9125280457,3/28/2021,5,Male,"Mumbai, India",24,20,4,EMP0235,Diya Jain
EMP0424,Anaya,Khan,Anaya Khan,anaya.khan@dhurandharai.com,Team Lead,HR,9290664852,8/17/2018,7.6,Male,"Pune, India",24,8,16,EMP0112,Arjun Malhotra
EMP0425,Saanvi,Shetty,Saanvi Shetty,saanvi.shetty@dhurandharai.com,Associate Director,Finance,9869860086,1/13/2019,7.2,Female,"Mumbai, India",30,4,26,EMP0238,Kiara Pillai
EMP0426,Aisha,Kulkarni,Aisha Kulkarni,aisha.kulkarni@dhurandharai.com,Associate,Operations,9222851996,11/2/2023,2.4,Male,"Delhi, India",24,18,6,EMP0184,Aditya Patil
EMP0427,Shaurya,Chopra,Shaurya Chopra,shaurya.chopra@dhurandharai.com,Sr. Associate,Operations,9389785227,10/11/2021,4.5,Male,"Bangalore, India",24,10,14,EMP0116,Dhruv Gupta
EMP0428,Myra,Singh,Myra Singh,myra.singh@dhurandharai.com,Manager,Marketing,9246505994,5/28/2023,2.8,Male,"Delhi, India",30,1,29,EMP0196,Aarav Patil
EMP0429,Sara,Reddy,Sara Reddy,sara.reddy@dhurandharai.com,Associate,Data Science & AI,9185687930,10/28/2022,3.4,Female,"Delhi, India",20,0,20,EMP0276,Krishna Shetty
EMP0430,Krishna,Kulkarni,Krishna Kulkarni,krishna.kulkarni@dhurandharai.com,Associate Director,Admin,9670656175,8/6/2022,3.6,Male,"Delhi, India",30,29,1,EMP0190,Kiara Patil
EMP0431,Aarav,Chopra,Aarav Chopra,aarav.chopra@dhurandharai.com,Sr. Associate,Admin,9344038694,2/25/2023,3.1,Female,"Bangalore, India",20,16,4,EMP0356,Arjun Pillai
EMP0432,Arjun,Joshi,Arjun Joshi,arjun.joshi@dhurandharai.com,Associate Director,Marketing,9708071974,6/19/2018,7.8,Female,"Pune, India",20,17,3,EMP0385,Arjun Gupta
EMP0433,Atharv,Joshi,Atharv Joshi,atharv.joshi@dhurandharai.com,Associate,Data Science & AI,9133722255,3/25/2020,6,Male,"Mumbai, India",20,7,13,EMP0247,Anaya Jain
EMP0434,Aditya,Reddy,Aditya Reddy,aditya.reddy@dhurandharai.com,Team Lead,Finance,9114019250,1/23/2022,4.2,Female,"Bangalore, India",30,19,11,EMP0347,Anika Kulkarni
EMP0435,Anika,Bansal,Anika Bansal,anika.bansal@dhurandharai.com,Sr Manager,Admin,9275252053,6/28/2020,5.7,Male,"Hyderabad, India",30,7,23,EMP0235,Diya Jain
EMP0436,Shaurya,Pillai,Shaurya Pillai,shaurya.pillai@dhurandharai.com,Sr. Associate,Data Science & AI,9516521409,8/18/2019,6.6,Female,"Delhi, India",24,13,11,EMP0320,Krishna Shetty
EMP0437,Diya,Patil,Diya Patil,diya.patil@dhurandharai.com,Sr Director,Admin,9539923825,10/16/2019,6.4,Male,"Mumbai, India",20,2,18,EMP0138,Anika Bansal
EMP0438,Riya,Khan,Riya Khan,riya.khan@dhurandharai.com,Sr Manager,Admin,9166545491,7/12/2020,5.7,Female,"Delhi, India",24,5,19,EMP0145,Shaurya Patil
EMP0439,Diya,Verma,Diya Verma,diya.verma@dhurandharai.com,Team Lead,Finance,9431982494,12/30/2023,2.2,Male,"Mumbai, India",20,13,7,EMP0194,Atharv Khan
EMP0440,Aisha,Iyer,Aisha Iyer,aisha.iyer@dhurandharai.com,Sr. Associate,Marketing,9704102863,8/29/2022,3.6,Male,"Delhi, India",30,1,29,EMP0097,Saanvi Patil
EMP0441,Ira,Singh,Ira Singh,ira.singh@dhurandharai.com,Team Lead,Marketing,9371767646,9/2/2022,3.6,Female,"Mumbai, India",24,22,2,EMP0375,Aditya Nair
EMP0442,Krishna,Kapoor,Krishna Kapoor,krishna.kapoor@dhurandharai.com,Manager,Finance,9301374368,7/26/2025,0.7,Male,"Bangalore, India",24,18,6,EMP0342,Vivaan Gupta
EMP0443,Sara,Mehta,Sara Mehta,sara.mehta@dhurandharai.com,Associate,Marketing,9787227342,4/10/2024,2,Female,"Bangalore, India",24,14,10,EMP0213,Shaurya Bansal
EMP0444,Anaya,Reddy,Anaya Reddy,anaya.reddy@dhurandharai.com,Sr Director,Admin,9589919151,11/3/2019,6.4,Female,"Mumbai, India",20,6,14,EMP0151,Vivaan Iyer
EMP0445,Kiara,Pillai,Kiara Pillai,kiara.pillai@dhurandharai.com,Associate,Marketing,9971333820,11/28/2024,1.3,Male,"Delhi, India",20,5,15,EMP0426,Aisha Kulkarni
EMP0446,Anika,Desai,Anika Desai,anika.desai@dhurandharai.com,Associate Director,Data Science & AI,9261627016,1/30/2018,8.2,Female,"Bangalore, India",24,22,2,EMP0277,Ira Nair
EMP0447,Kiara,Kapoor,Kiara Kapoor,kiara.kapoor@dhurandharai.com,Team Lead,HR,9380015908,7/21/2021,4.7,Female,"Mumbai, India",30,30,0,EMP0392,Sara Sharma
EMP0448,Shaurya,Bansal,Shaurya Bansal,shaurya.bansal@dhurandharai.com,Team Lead,Marketing,9762747818,11/12/2020,5.4,Female,"Hyderabad, India",20,15,5,EMP0325,Krishna Joshi
EMP0449,Arjun,Chopra,Arjun Chopra,arjun.chopra@dhurandharai.com,Sr Director,Marketing,9340264724,5/10/2024,1.9,Female,"Delhi, India",24,3,21,EMP0255,Saanvi Desai
EMP0450,Anika,Iyer,Anika Iyer,anika.iyer@dhurandharai.com,Manager,Data Science & AI,9491851920,6/2/2020,5.8,Male,"Mumbai, India",24,20,4,EMP0180,Arjun Kapoor
EMP0451,Shaurya,Kapoor,Shaurya Kapoor,shaurya.kapoor@dhurandharai.com,Sr Director,Marketing,9333978861,9/5/2019,6.6,Male,"Delhi, India",24,13,11,EMP0405,Krishna Nair
EMP0452,Reyansh,Chopra,Reyansh Chopra,reyansh.chopra@dhurandharai.com,Associate,Operations,9306948552,9/27/2022,3.5,Female,"Pune, India",30,28,2,EMP0146,Riya Gupta
EMP0453,Dhruv,Iyer,Dhruv Iyer,dhruv.iyer@dhurandharai.com,Team Lead,HR,9411954186,12/8/2018,7.3,Male,"Pune, India",20,14,6,EMP0440,Aisha Iyer
EMP0454,Kiara,Shetty,Kiara Shetty,kiara.shetty@dhurandharai.com,Team Lead,Operations,9446544752,6/17/2024,1.8,Male,"Bangalore, India",24,14,10,EMP0451,Shaurya Kapoor
EMP0455,Anaya,Malhotra,Anaya Malhotra,anaya.malhotra@dhurandharai.com,Associate,Data Science & AI,9300336741,10/18/2024,1.4,Female,"Bangalore, India",30,5,25,EMP0080,Anaya Jain
EMP0456,Riya,Desai,Riya Desai,riya.desai@dhurandharai.com,Sr. Associate,Operations,9888431178,1/29/2018,8.2,Male,"Mumbai, India",20,19,1,EMP0181,Sara Pillai
EMP0457,Sara,Desai,Sara Desai,sara.desai@dhurandharai.com,Associate,HR,9922448735,2/22/2024,2.1,Male,"Mumbai, India",30,21,9,EMP0414,Riya Iyer
EMP0458,Atharv,Chopra,Atharv Chopra,atharv.chopra@dhurandharai.com,Sr Manager,Marketing,9798041128,9/26/2025,0.5,Female,"Mumbai, India",30,4,26,EMP0174,Saanvi Kapoor
EMP0459,Shaurya,Nair,Shaurya Nair,shaurya.nair@dhurandharai.com,Sr Manager,Finance,9701145238,1/20/2025,1.2,Female,"Bangalore, India",24,8,16,EMP0266,Kiara Mehta
EMP0460,Ishaan,Chopra,Ishaan Chopra,ishaan.chopra@dhurandharai.com,Team Lead,HR,9478036774,5/12/2018,7.9,Male,"Bangalore, India",24,21,3,EMP0297,Myra Malhotra
EMP0461,Anika,Gupta,Anika Gupta,anika.gupta@dhurandharai.com,Sr Director,Admin,9144439068,12/30/2019,6.2,Female,"Hyderabad, India",24,8,16,EMP0367,Kiara Pillai
EMP0462,Dhruv,Sharma,Dhruv Sharma,dhruv.sharma@dhurandharai.com,Sr. Associate,Data Science & AI,9569396852,2/10/2023,3.1,Male,"Pune, India",20,19,1,EMP0186,Saanvi Sharma
EMP0463,Myra,Reddy,Myra Reddy,myra.reddy@dhurandharai.com,Manager,Data Science & AI,9622500736,2/1/2021,5.1,Male,"Bangalore, India",30,28,2,EMP0343,Dhruv Singh
EMP0464,Dhruv,Reddy,Dhruv Reddy,dhruv.reddy@dhurandharai.com,Team Lead,Operations,9967795010,5/16/2022,3.9,Male,"Bangalore, India",20,20,0,EMP0323,Ira Iyer
EMP0465,Aditya,Patil,Aditya Patil,aditya.patil@dhurandharai.com,Associate Director,HR,9527072599,4/27/2019,6.9,Female,"Hyderabad, India",20,9,11,EMP0355,Diya Reddy
EMP0466,Anaya,Desai,Anaya Desai,anaya.desai@dhurandharai.com,Sr Manager,Operations,9566608098,6/17/2023,2.8,Male,"Delhi, India",20,4,16,EMP0449,Arjun Chopra
EMP0467,Anika,Desai,Anika Desai,anika.desai@dhurandharai.com,Sr Manager,Operations,9262576285,6/19/2021,4.8,Female,"Bangalore, India",20,5,15,EMP0097,Saanvi Patil
EMP0468,Riya,Pillai,Riya Pillai,riya.pillai@dhurandharai.com,Associate Director,Operations,9400257588,10/27/2023,2.4,Male,"Mumbai, India",20,9,11,EMP0201,Sara Mehta
EMP0469,Arjun,Kapoor,Arjun Kapoor,arjun.kapoor@dhurandharai.com,Associate,Marketing,9293979026,12/20/2024,1.3,Female,"Hyderabad, India",20,6,14,EMP0187,Kiara Malhotra
EMP0470,Dhruv,Jain,Dhruv Jain,dhruv.jain@dhurandharai.com,Sr. Associate,HR,9689821233,1/17/2022,4.2,Female,"Mumbai, India",20,10,10,EMP0412,Reyansh Bansal
EMP0471,Sara,Sharma,Sara Sharma,sara.sharma@dhurandharai.com,Sr Director,Data Science & AI,9153531905,11/28/2025,0.3,Female,"Delhi, India",24,22,2,EMP0157,Sara Chopra
EMP0472,Anika,Kulkarni,Anika Kulkarni,anika.kulkarni@dhurandharai.com,Associate Director,Admin,9915713209,5/27/2021,4.8,Female,"Bangalore, India",20,14,6,EMP0028,Ira Reddy
EMP0473,Myra,Verma,Myra Verma,myra.verma@dhurandharai.com,Manager,HR,9469432683,7/2/2019,6.7,Male,"Bangalore, India",30,18,12,EMP0411,Anika Singh
EMP0474,Ishaan,Desai,Ishaan Desai,ishaan.desai@dhurandharai.com,Manager,HR,9519506903,8/13/2019,6.6,Female,"Hyderabad, India",20,15,5,EMP0454,Kiara Shetty
EMP0475,Aisha,Patil,Aisha Patil,aisha.patil@dhurandharai.com,Associate Director,Finance,9727729700,6/9/2024,1.8,Female,"Hyderabad, India",24,11,13,EMP0401,Vivaan Chopra
EMP0476,Aditya,Pillai,Aditya Pillai,aditya.pillai@dhurandharai.com,Associate Director,Data Science & AI,9115466863,6/18/2018,7.8,Female,"Mumbai, India",24,6,18,EMP0436,Shaurya Pillai
EMP0477,Myra,Kulkarni,Myra Kulkarni,myra.kulkarni@dhurandharai.com,Sr Manager,HR,9308900280,10/25/2023,2.4,Female,"Pune, India",20,17,3,EMP0265,Anaya Shetty
EMP0478,Dhruv,Shetty,Dhruv Shetty,dhruv.shetty@dhurandharai.com,Associate,HR,9316144197,1/9/2020,6.2,Female,"Bangalore, India",30,6,24,EMP0395,Aditya Sharma
EMP0479,Anaya,Chopra,Anaya Chopra,anaya.chopra@dhurandharai.com,Manager,Data Science & AI,9116085853,10/2/2025,0.5,Male,"Hyderabad, India",24,23,1,EMP0236,Sara Malhotra
EMP0480,Dhruv,Sharma,Dhruv Sharma,dhruv.sharma@dhurandharai.com,Associate Director,Operations,9964149447,5/14/2020,5.9,Female,"Hyderabad, India",24,14,10,EMP0249,Ira Shetty
EMP0481,Dhruv,Shetty,Dhruv Shetty,dhruv.shetty@dhurandharai.com,Associate Director,Data Science & AI,9484129084,4/17/2022,3.9,Male,"Hyderabad, India",30,8,22,EMP0244,Vivaan Sharma
EMP0482,Krishna,Kapoor,Krishna Kapoor,krishna.kapoor@dhurandharai.com,Sr. Associate,HR,9434443018,4/6/2021,5,Male,"Hyderabad, India",30,28,2,EMP0242,Vivaan Reddy
EMP0483,Dhruv,Chopra,Dhruv Chopra,dhruv.chopra@dhurandharai.com,Team Lead,Operations,9926645182,8/11/2024,1.6,Female,"Pune, India",24,16,8,EMP0379,Reyansh Chopra
EMP0484,Reyansh,Khan,Reyansh Khan,reyansh.khan@dhurandharai.com,Associate Director,Finance,9701738722,9/6/2020,5.6,Female,"Bangalore, India",20,17,3,EMP0261,Reyansh Singh
EMP0485,Aditya,Singh,Aditya Singh,aditya.singh@dhurandharai.com,Sr Director,Finance,9721704688,12/30/2021,4.2,Female,"Bangalore, India",20,2,18,EMP0357,Anaya Patil
EMP0486,Vivaan,Pillai,Vivaan Pillai,vivaan.pillai@dhurandharai.com,Associate,Marketing,9412616719,1/12/2022,4.2,Male,"Hyderabad, India",30,9,21,EMP0401,Vivaan Chopra
EMP0487,Sara,Kulkarni,Sara Kulkarni,sara.kulkarni@dhurandharai.com,Associate,Admin,9245703584,12/5/2020,5.3,Female,"Pune, India",24,24,0,EMP0081,Anika Reddy
EMP0488,Aarav,Verma,Aarav Verma,aarav.verma@dhurandharai.com,Associate,Marketing,9504143774,1/2/2022,4.2,Male,"Delhi, India",20,8,12,EMP0094,Reyansh Sharma
EMP0489,Kiara,Shetty,Kiara Shetty,kiara.shetty@dhurandharai.com,Sr Manager,Finance,9623231275,7/21/2019,6.7,Female,"Hyderabad, India",20,8,12,EMP0435,Anika Bansal
EMP0490,Ira,Shetty,Ira Shetty,ira.shetty@dhurandharai.com,Associate Director,Finance,9526017213,7/11/2025,0.7,Female,"Delhi, India",24,5,19,EMP0345,Myra Malhotra
EMP0491,Saanvi,Nair,Saanvi Nair,saanvi.nair@dhurandharai.com,Sr Manager,Data Science & AI,9870383677,2/2/2020,6.1,Male,"Hyderabad, India",30,24,6,EMP0361,Aarav Patil
EMP0492,Reyansh,Khan,Reyansh Khan,reyansh.khan@dhurandharai.com,Associate,Admin,9966027961,4/15/2021,4.9,Female,"Pune, India",20,6,14,EMP0116,Dhruv Gupta
EMP0493,Vivaan,Pillai,Vivaan Pillai,vivaan.pillai@dhurandharai.com,Sr Director,HR,9704609359,4/9/2020,6,Male,"Bangalore, India",20,7,13,EMP0433,Atharv Joshi
EMP0494,Myra,Pillai,Myra Pillai,myra.pillai@dhurandharai.com,Associate,Operations,9734170481,7/23/2018,7.7,Female,"Bangalore, India",20,8,12,EMP0097,Saanvi Patil
EMP0495,Kiara,Reddy,Kiara Reddy,kiara.reddy@dhurandharai.com,Associate,Admin,9532497490,12/18/2018,7.3,Female,"Mumbai, India",20,5,15,EMP0207,Atharv Chopra
EMP0496,Shaurya,Shetty,Shaurya Shetty,shaurya.shetty@dhurandharai.com,Sr Director,Operations,9439370689,5/8/2023,2.9,Female,"Delhi, India",30,9,21,EMP0430,Krishna Kulkarni
EMP0497,Arjun,Gupta,Arjun Gupta,arjun.gupta@dhurandharai.com,Associate,Marketing,9746810627,2/13/2018,8.1,Male,"Hyderabad, India",24,1,23,EMP0199,Ishaan Mehta
EMP0498,Dhruv,Desai,Dhruv Desai,dhruv.desai@dhurandharai.com,Sr Director,Operations,9862282696,8/1/2021,4.7,Female,"Mumbai, India",24,15,9,EMP0396,Vivaan Kulkarni
EMP0499,Myra,Chopra,Myra Chopra,myra.chopra@dhurandharai.com,Associate,HR,9871578094,10/8/2025,0.5,Female,"Pune, India",24,22,2,EMP0326,Aisha Desai
EMP0500,Ira,Gupta,Ira Gupta,ira.gupta@dhurandharai.com,Associate,Operations,9742139289,5/17/2022,3.9,Male,"Delhi, India",20,20,0,EMP0111,Riya Iyer
